run_time,current_driver_player_number,driver_changed_this_frame,driver_change_count_total,curve_active,drift_check_active,drift_check_result,warning_active,warning_obstacle_id,driver_input_this_frame,inputs_per_second,hit_obstacle_id_this_frame,player1_collision_counter,player2_collision_counter,player3_collision_counter,player4_collision_counter,collision_count_total
29.78818,1,0,0,0,0,0,0,-1,0,0.0000,-1,0,0,0,0,0
29.85075,1,0,0,0,0,0,0,-1,0,0.0000,-1,0,0,0,0,0
29.89911,1,0,0,0,0,0,0,-1,0,0.0000,-1,0,0,0,0,0
29.91667,1,0,0,0,0,0,0,-1,0,0.0000,-1,0,0,0,0,0
29.93127,1,0,0,0,0,0,0,-1,0,0.0000,-1,0,0,0,0,0
29.97096,1,0,0,0,0,0,0,-1,0,0.0000,-1,0,0,0,0,0
29.98595,1,0,0,0,0,0,0,-1,0,0.0000,-1,0,0,0,0,0
29.99982,1,0,0,0,0,0,0,-1,0,0.0000,-1,0,0,0,0,0
30.02355,1,0,0,0,0,0,0,-1,0,0.0000,-1,0,0,0,0,0
30.04505,1,0,0,0,0,0,0,-1,0,0.0000,-1,0,0,0,0,0
30.06795,1,0,0,0,0,0,0,-1,0,0.0000,-1,0,0,0,0,0
30.08905,1,0,0,0,0,0,0,-1,0,0.0000,-1,0,0,0,0,0
30.11149,1,0,0,0,0,0,0,-1,0,0.0000,-1,0,0,0,0,0
30.13404,1,0,0,0,0,0,0,-1,0,0.0000,-1,0,0,0,0,0
30.1563,1,0,0,0,0,0,0,-1,1,1.0000,-1,0,0,0,0,0
30.17841,1,0,0,0,0,0,0,-1,0,1.0000,-1,0,0,0,0,0
30.20158,1,0,0,0,0,0,0,-1,0,1.0000,-1,0,0,0,0,0
30.22267,1,0,0,0,0,0,0,-1,0,1.0000,-1,0,0,0,0,0
30.24456,1,0,0,0,0,0,0,-1,0,1.0000,-1,0,0,0,0,0
30.26638,1,0,0,0,0,0,0,-1,0,1.0000,-1,0,0,0,0,0
30.28867,1,0,0,0,0,0,0,-1,0,1.0000,-1,0,0,0,0,0
30.31052,1,0,0,0,0,0,0,-1,0,1.0000,-1,0,0,0,0,0
30.33271,1,0,0,0,0,0,0,-1,0,1.0000,-1,0,0,0,0,0
30.35595,1,0,0,0,0,0,0,-1,0,1.0000,-1,0,0,0,0,0
30.37773,1,0,0,0,0,0,0,-1,0,1.0000,-1,0,0,0,0,0
30.40061,1,0,0,0,0,0,0,-1,0,1.0000,-1,0,0,0,0,0
30.42141,1,0,0,0,0,0,0,-1,0,1.0000,-1,0,0,0,0,0
30.44521,1,0,0,0,0,0,0,-1,0,1.0000,-1,0,0,0,0,0
30.46659,1,0,0,0,0,0,0,-1,0,1.0000,-1,0,0,0,0,0
30.48979,1,0,0,0,0,0,0,-1,0,1.0000,-1,0,0,0,0,0
30.51164,1,0,0,0,0,0,0,-1,0,1.0000,-1,0,0,0,0,0
30.53357,1,0,0,0,0,0,0,-1,0,1.0000,-1,0,0,0,0,0
30.55564,1,0,0,0,0,0,0,-1,0,1.0000,-1,0,0,0,0,0
30.57702,1,0,0,0,0,0,0,-1,0,1.0000,-1,0,0,0,0,0
30.59936,1,0,0,0,0,0,0,-1,0,1.0000,-1,0,0,0,0,0
30.62231,1,0,0,0,0,0,0,-1,0,1.0000,-1,0,0,0,0,0
30.64372,1,0,0,0,0,0,0,-1,0,1.0000,-1,0,0,0,0,0
30.66874,1,0,0,0,0,0,0,-1,0,1.0000,-1,0,0,0,0,0
30.68916,1,0,0,0,0,0,0,-1,0,1.0000,-1,0,0,0,0,0
30.71122,1,0,0,0,0,0,0,-1,0,1.0000,-1,0,0,0,0,0
30.73288,1,0,0,0,0,0,0,-1,0,1.0000,-1,0,0,0,0,0
30.75542,1,0,0,0,0,0,0,-1,0,1.0000,-1,0,0,0,0,0
30.77764,1,0,0,0,0,0,0,-1,0,1.0000,-1,0,0,0,0,0
30.80045,1,0,0,0,0,0,0,-1,0,1.0000,-1,0,0,0,0,0
30.82216,1,0,0,0,0,0,0,-1,0,1.0000,-1,0,0,0,0,0
30.84324,1,0,0,0,0,0,0,-1,0,1.0000,-1,0,0,0,0,0
30.86553,1,0,0,0,0,0,0,-1,0,1.0000,-1,0,0,0,0,0
30.88828,1,0,0,0,0,0,0,-1,0,1.0000,-1,0,0,0,0,0
30.90889,1,0,0,0,0,0,0,-1,0,1.0000,-1,0,0,0,0,0
30.93122,1,0,0,0,0,0,0,-1,0,1.0000,-1,0,0,0,0,0
30.9537,1,0,0,0,0,0,0,-1,0,1.0000,-1,0,0,0,0,0
30.97569,1,0,0,0,0,0,0,-1,0,1.0000,-1,0,0,0,0,0
30.99877,1,0,0,0,0,0,0,-1,0,1.0000,-1,0,0,0,0,0
31.02011,1,0,0,0,0,0,0,-1,0,1.0000,-1,0,0,0,0,0
31.04351,1,0,0,0,0,0,0,-1,0,1.0000,-1,0,0,0,0,0
31.06421,1,0,0,0,0,0,0,-1,0,1.0000,-1,0,0,0,0,0
31.08867,1,0,0,0,0,0,0,-1,0,1.0000,-1,0,0,0,0,0
31.11037,1,0,0,0,0,0,0,-1,0,1.0000,-1,0,0,0,0,0
31.13331,1,0,0,0,0,0,0,-1,0,1.0000,-1,0,0,0,0,0
31.15573,1,0,0,0,0,0,0,-1,0,1.0000,-1,0,0,0,0,0
31.17698,1,0,0,0,0,0,0,-1,0,0.0000,-1,0,0,0,0,0
31.19979,1,0,0,0,0,0,0,-1,0,0.0000,-1,0,0,0,0,0
31.22215,1,0,0,0,0,0,0,-1,0,0.0000,-1,0,0,0,0,0
31.24434,1,0,0,0,0,0,0,-1,0,0.0000,-1,0,0,0,0,0
31.2662,1,0,0,0,0,0,0,-1,0,0.0000,-1,0,0,0,0,0
31.28848,1,0,0,0,0,0,0,-1,0,0.0000,-1,0,0,0,0,0
31.31071,1,0,0,0,0,0,0,-1,0,0.0000,-1,0,0,0,0,0
31.33302,1,0,0,0,0,0,0,-1,0,0.0000,-1,0,0,0,0,0
31.35539,1,0,0,0,0,0,0,-1,0,0.0000,-1,0,0,0,0,0
31.37782,1,0,0,0,0,0,0,-1,0,0.0000,-1,0,0,0,0,0
31.40087,1,0,0,0,0,0,0,-1,0,0.0000,-1,0,0,0,0,0
31.42309,1,0,0,0,0,0,0,-1,0,0.0000,-1,0,0,0,0,0
31.44582,1,0,0,0,0,0,0,-1,0,0.0000,-1,0,0,0,0,0
31.46841,1,0,0,0,0,0,0,-1,0,0.0000,-1,0,0,0,0,0
31.49122,1,0,0,0,0,0,0,-1,0,0.0000,-1,0,0,0,0,0
31.5128,1,0,0,0,0,0,0,-1,0,0.0000,-1,0,0,0,0,0
31.53609,1,0,0,0,0,0,0,-1,0,0.0000,-1,0,0,0,0,0
31.55992,1,0,0,0,0,0,0,-1,0,0.0000,-1,0,0,0,0,0
31.57978,1,0,0,0,0,0,0,-1,0,0.0000,-1,0,0,0,0,0
31.60252,1,0,0,0,0,0,0,-1,0,0.0000,-1,0,0,0,0,0
31.62534,1,0,0,0,0,0,0,-1,0,0.0000,-1,0,0,0,0,0
31.64816,1,0,0,0,0,0,0,-1,0,0.0000,-1,0,0,0,0,0
31.67224,1,0,0,0,0,0,0,-1,0,0.0000,-1,0,0,0,0,0
31.69646,1,0,0,0,0,0,0,-1,0,0.0000,-1,0,0,0,0,0
31.72007,1,0,0,0,0,0,0,-1,0,0.0000,-1,0,0,0,0,0
31.74427,1,0,0,0,0,0,0,-1,0,0.0000,-1,0,0,0,0,0
31.76737,1,0,0,0,0,0,0,-1,0,0.0000,-1,0,0,0,0,0
31.7924,1,0,0,0,0,0,0,-1,0,0.0000,-1,0,0,0,0,0
31.81449,1,0,0,0,0,0,0,-1,0,0.0000,-1,0,0,0,0,0
31.8382,1,0,0,0,0,0,0,-1,0,0.0000,-1,0,0,0,0,0
31.86111,1,0,0,0,0,0,0,-1,0,0.0000,-1,0,0,0,0,0
31.88722,1,0,0,0,0,0,0,-1,0,0.0000,-1,0,0,0,0,0
31.91007,1,0,0,0,0,0,0,-1,0,0.0000,-1,0,0,0,0,0
31.93357,1,0,0,0,0,0,0,-1,0,0.0000,-1,0,0,0,0,0
31.95693,1,0,0,0,0,0,0,-1,0,0.0000,-1,0,0,0,0,0
31.97978,1,0,0,0,0,0,0,-1,0,0.0000,-1,0,0,0,0,0
32.00288,1,0,0,0,0,0,0,-1,0,0.0000,-1,0,0,0,0,0
32.02674,1,0,0,0,0,0,0,-1,0,0.0000,-1,0,0,0,0,0
32.07169,1,0,0,0,0,0,0,-1,0,0.0000,-1,0,0,0,0,0
32.08651,1,0,0,0,0,0,0,-1,0,0.0000,-1,0,0,0,0,0
32.10551,1,0,0,0,0,0,0,-1,0,0.0000,-1,0,0,0,0,0
32.12915,1,0,0,0,0,0,0,-1,0,0.0000,-1,0,0,0,0,0
32.15225,1,0,0,0,0,0,0,-1,0,0.0000,-1,0,0,0,0,0
32.17657,1,0,0,0,0,0,0,-1,0,0.0000,-1,0,0,0,0,0
32.20094,1,0,0,0,0,0,0,-1,0,0.0000,-1,0,0,0,0,0
32.22533,1,0,0,0,0,0,0,-1,0,0.0000,-1,0,0,0,0,0
32.24745,1,0,0,0,0,0,0,-1,0,0.0000,-1,0,0,0,0,0
32.2718,1,0,0,0,0,0,0,-1,0,0.0000,-1,0,0,0,0,0
32.29548,1,0,0,0,0,0,0,-1,0,0.0000,-1,0,0,0,0,0
32.31856,1,0,0,0,0,0,0,-1,0,0.0000,-1,0,0,0,0,0
32.34366,1,0,0,0,0,0,0,-1,0,0.0000,-1,0,0,0,0,0
32.36837,1,0,0,0,0,0,0,-1,0,0.0000,-1,0,0,0,0,0
32.3961,1,0,0,0,0,0,0,-1,0,0.0000,-1,0,0,0,0,0
32.42012,1,0,0,0,0,0,0,-1,0,0.0000,-1,0,0,0,0,0
32.44448,1,0,0,0,0,0,0,-1,0,0.0000,-1,0,0,0,0,0
32.46898,1,0,0,0,0,0,0,-1,0,0.0000,-1,0,0,0,0,0
32.49159,1,0,0,0,0,0,0,-1,0,0.0000,-1,0,0,0,0,0
32.51578,1,0,0,0,0,0,0,-1,1,1.0000,-1,0,0,0,0,0
32.53913,1,0,0,0,0,0,0,-1,0,1.0000,-1,0,0,0,0,0
32.56318,1,0,0,0,0,0,0,-1,0,1.0000,-1,0,0,0,0,0
32.58599,1,0,0,0,0,0,0,-1,0,1.0000,-1,0,0,0,0,0
32.60927,1,0,0,0,0,0,0,-1,0,1.0000,-1,0,0,0,0,0
32.63073,1,0,0,0,0,0,0,-1,0,1.0000,-1,0,0,0,0,0
32.65399,1,0,0,0,0,0,0,-1,0,1.0000,-1,0,0,0,0,0
32.67684,1,0,0,0,0,0,0,-1,0,1.0000,-1,0,0,0,0,0
32.69985,1,0,0,0,0,0,0,-1,0,1.0000,-1,0,0,0,0,0
32.72509,1,0,0,0,0,0,0,-1,0,1.0000,-1,0,0,0,0,0
32.74787,1,0,0,0,0,0,0,-1,0,1.0000,-1,0,0,0,0,0
32.77879,1,0,0,0,0,0,0,-1,0,1.0000,-1,0,0,0,0,0
32.80132,1,0,0,0,0,0,0,-1,0,1.0000,-1,0,0,0,0,0
32.82424,1,0,0,0,0,0,0,-1,0,1.0000,-1,0,0,0,0,0
32.84615,1,0,0,0,0,0,0,-1,0,1.0000,-1,0,0,0,0,0
32.86883,1,0,0,0,0,0,0,-1,0,1.0000,-1,0,0,0,0,0
32.89214,1,0,0,0,0,0,0,-1,0,1.0000,-1,0,0,0,0,0
32.91381,1,0,0,0,0,0,0,-1,0,1.0000,-1,0,0,0,0,0
32.9363,1,0,0,0,0,0,0,-1,0,1.0000,-1,0,0,0,0,0
32.95947,1,0,0,0,0,0,0,-1,0,1.0000,-1,0,0,0,0,0
32.98106,1,0,0,0,0,0,0,-1,0,1.0000,-1,0,0,0,0,0
33.00282,1,0,0,0,0,0,0,-1,0,1.0000,-1,0,0,0,0,0
33.02629,1,0,0,0,0,0,0,-1,0,1.0000,-1,0,0,0,0,0
33.04857,1,0,0,0,0,0,0,-1,0,1.0000,-1,0,0,0,0,0
33.0714,1,0,0,0,0,0,0,-1,0,1.0000,-1,0,0,0,0,0
33.09404,1,0,0,0,0,0,0,-1,0,1.0000,-1,0,0,0,0,0
33.11705,1,0,0,0,0,0,0,-1,0,1.0000,-1,0,0,0,0,0
33.13795,1,0,0,0,0,0,0,-1,0,1.0000,-1,0,0,0,0,0
33.16415,1,0,0,0,0,0,0,-1,0,1.0000,-1,0,0,0,0,0
33.18551,1,0,0,0,0,0,0,-1,0,1.0000,-1,0,0,0,0,0
33.20799,1,0,0,0,0,0,0,-1,0,1.0000,-1,0,0,0,0,0
33.2312,1,0,0,0,0,0,0,-1,0,1.0000,-1,0,0,0,0,0
33.2525,1,0,0,0,0,0,0,-1,0,1.0000,-1,0,0,0,0,0
33.27651,1,0,0,0,0,0,0,-1,0,1.0000,-1,0,0,0,0,0
33.29767,1,0,0,0,0,0,0,-1,0,1.0000,-1,0,0,0,0,0
33.32029,1,0,0,0,0,0,0,-1,0,1.0000,-1,0,0,0,0,0
33.34249,1,0,0,0,0,0,0,-1,0,1.0000,-1,0,0,0,0,0
33.36609,1,0,0,0,0,0,0,-1,0,1.0000,-1,0,0,0,0,0
33.38959,1,0,0,0,0,0,0,-1,0,1.0000,-1,0,0,0,0,0
33.41106,1,0,0,0,0,0,0,-1,0,1.0000,-1,0,0,0,0,0
33.43419,1,0,0,0,0,0,0,-1,0,1.0000,-1,0,0,0,0,0
33.45658,1,0,0,0,0,0,0,-1,0,1.0000,-1,0,0,0,0,0
33.4799,1,0,0,0,0,0,0,-1,0,1.0000,-1,0,0,0,0,0
33.5022,1,0,0,0,0,0,0,-1,0,1.0000,-1,0,0,0,0,0
33.52526,1,0,0,0,0,0,0,-1,0,0.0000,-1,0,0,0,0,0
33.54734,1,0,0,0,0,0,0,-1,0,0.0000,-1,0,0,0,0,0
33.56916,1,0,0,0,0,0,0,-1,0,0.0000,-1,0,0,0,0,0
33.59302,1,0,0,0,0,0,0,-1,0,0.0000,-1,0,0,0,0,0
33.61364,1,0,0,0,0,0,0,-1,0,0.0000,-1,0,0,0,0,0
33.63673,1,0,0,0,0,0,0,-1,0,0.0000,-1,0,0,0,0,0
33.65885,1,0,0,0,0,0,0,-1,0,0.0000,-1,0,0,0,0,0
33.68216,1,0,0,0,0,0,0,-1,0,0.0000,-1,0,0,0,0,0
33.70494,1,0,0,0,0,0,0,-1,0,0.0000,-1,0,0,0,0,0
33.72687,1,0,0,0,0,0,0,-1,0,0.0000,-1,0,0,0,0,0
33.7495,1,0,0,0,0,0,0,-1,0,0.0000,-1,0,0,0,0,0
33.77162,1,0,0,0,0,0,0,-1,0,0.0000,-1,0,0,0,0,0
33.79361,1,0,0,0,0,0,0,-1,0,0.0000,-1,0,0,0,0,0
33.81566,1,0,0,0,0,0,0,-1,0,0.0000,-1,0,0,0,0,0
33.83901,1,0,0,0,0,0,0,-1,0,0.0000,-1,0,0,0,0,0
33.8606,1,0,0,0,0,0,0,-1,0,0.0000,-1,0,0,0,0,0
33.88367,1,0,0,0,0,0,0,-1,0,0.0000,-1,0,0,0,0,0
33.9057,1,0,0,0,0,0,0,-1,0,0.0000,-1,0,0,0,0,0
33.94745,1,0,0,0,0,0,0,-1,0,0.0000,-1,0,0,0,0,0
33.96517,1,0,0,0,0,0,0,-1,0,0.0000,-1,0,0,0,0,0
33.98119,1,0,0,0,0,0,0,-1,0,0.0000,-1,0,0,0,0,0
34.00289,1,0,0,0,0,0,0,-1,0,0.0000,-1,0,0,0,0,0
34.02492,1,0,0,0,0,0,1,2,0,0.0000,-1,0,0,0,0,0
34.04655,1,0,0,0,0,0,1,2,0,0.0000,-1,0,0,0,0,0
34.06785,1,0,0,0,0,0,1,2,0,0.0000,-1,0,0,0,0,0
34.09102,1,0,0,0,0,0,1,2,0,0.0000,-1,0,0,0,0,0
34.11243,1,0,0,0,0,0,1,2,0,0.0000,-1,0,0,0,0,0
34.135,1,0,0,0,0,0,1,2,0,0.0000,-1,0,0,0,0,0
34.15757,1,0,0,0,0,0,1,2,0,0.0000,-1,0,0,0,0,0
34.17979,1,0,0,0,0,0,1,2,0,0.0000,-1,0,0,0,0,0
34.20195,1,0,0,0,0,0,1,2,0,0.0000,-1,0,0,0,0,0
34.2249,1,0,0,0,0,0,1,2,0,0.0000,-1,0,0,0,0,0
34.24646,1,0,0,0,0,0,1,2,0,0.0000,-1,0,0,0,0,0
34.26949,1,0,0,0,0,0,1,2,0,0.0000,-1,0,0,0,0,0
34.29162,1,0,0,0,0,0,1,2,0,0.0000,-1,0,0,0,0,0
34.3134,1,0,0,0,0,0,1,2,0,0.0000,-1,0,0,0,0,0
34.33503,1,0,0,0,0,0,1,2,0,0.0000,-1,0,0,0,0,0
34.35838,1,0,0,0,0,0,1,2,0,0.0000,-1,0,0,0,0,0
34.38047,1,0,0,0,0,0,1,2,0,0.0000,-1,0,0,0,0,0
34.40573,1,0,0,0,0,0,1,2,0,0.0000,-1,0,0,0,0,0
34.42445,1,0,0,0,0,0,1,2,0,0.0000,-1,0,0,0,0,0
34.44787,1,0,0,0,0,0,1,2,0,0.0000,-1,0,0,0,0,0
34.46915,1,0,0,0,0,0,1,2,0,0.0000,-1,0,0,0,0,0
34.49126,1,0,0,0,0,0,1,2,0,0.0000,-1,0,0,0,0,0
34.51404,1,0,0,0,0,0,1,2,0,0.0000,-1,0,0,0,0,0
34.53561,1,0,0,0,0,0,1,2,0,0.0000,-1,0,0,0,0,0
34.55966,1,0,0,0,0,0,1,2,0,0.0000,-1,0,0,0,0,0
34.58115,1,0,0,0,0,0,1,2,0,0.0000,-1,0,0,0,0,0
34.60428,1,0,0,0,0,0,1,2,0,0.0000,-1,0,0,0,0,0
34.6255,1,0,0,0,0,0,1,2,0,0.0000,-1,0,0,0,0,0
34.64848,1,0,0,0,0,0,1,2,0,0.0000,-1,0,0,0,0,0
34.67096,1,0,0,0,0,0,1,2,0,0.0000,-1,0,0,0,0,0
34.69449,1,0,0,0,0,0,1,2,0,0.0000,-1,0,0,0,0,0
34.7158,1,0,0,0,0,0,1,2,0,0.0000,-1,0,0,0,0,0
34.75811,1,0,0,0,0,0,1,2,0,0.0000,-1,0,0,0,0,0
34.77147,1,0,0,0,0,0,1,2,0,0.0000,-1,0,0,0,0,0
34.78834,1,0,0,0,0,0,1,2,0,0.0000,-1,0,0,0,0,0
34.81112,1,0,0,0,0,0,1,2,0,0.0000,-1,0,0,0,0,0
34.83347,1,0,0,0,0,0,1,2,0,0.0000,-1,0,0,0,0,0
34.85601,1,0,0,0,0,0,1,2,0,0.0000,-1,0,0,0,0,0
34.87804,1,0,0,0,0,0,1,2,0,0.0000,-1,0,0,0,0,0
34.90156,1,0,0,0,0,0,1,2,0,0.0000,-1,0,0,0,0,0
34.92395,1,0,0,0,0,0,1,2,0,0.0000,-1,0,0,0,0,0
34.94615,1,0,0,0,0,0,1,2,0,0.0000,-1,0,0,0,0,0
34.96844,1,0,0,0,0,0,1,2,0,0.0000,-1,0,0,0,0,0
34.99028,1,0,0,0,0,0,1,2,0,0.0000,-1,0,0,0,0,0
35.01237,1,0,0,0,0,0,1,2,0,0.0000,-1,0,0,0,0,0
35.03454,1,0,0,0,0,0,1,2,0,0.0000,-1,0,0,0,0,0
35.05747,1,0,0,0,0,0,1,2,0,0.0000,-1,0,0,0,0,0
35.07975,1,0,0,0,0,0,1,2,0,0.0000,-1,0,0,0,0,0
35.10151,1,0,0,0,0,0,1,2,0,0.0000,-1,0,0,0,0,0
35.12339,1,0,0,0,0,0,1,2,0,0.0000,-1,0,0,0,0,0
35.1466,1,0,0,0,0,0,1,2,0,0.0000,-1,0,0,0,0,0
35.16929,1,0,0,0,0,0,1,2,0,0.0000,-1,0,0,0,0,0
35.19114,1,0,0,0,0,0,1,2,0,0.0000,-1,0,0,0,0,0
35.21251,1,0,0,0,0,0,1,2,0,0.0000,-1,0,0,0,0,0
35.23566,1,0,0,0,0,0,1,2,0,0.0000,-1,0,0,0,0,0
35.25793,1,0,0,0,0,0,1,2,0,0.0000,-1,0,0,0,0,0
35.27996,1,0,0,0,0,0,1,2,0,0.0000,-1,0,0,0,0,0
35.30193,1,0,0,0,0,0,1,2,0,0.0000,-1,0,0,0,0,0
35.32414,1,0,0,0,0,0,1,2,0,0.0000,-1,0,0,0,0,0
35.34616,1,0,0,0,0,0,1,2,0,0.0000,-1,0,0,0,0,0
35.36829,1,0,0,0,0,0,1,2,0,0.0000,-1,0,0,0,0,0
35.38976,1,0,0,0,0,0,1,2,0,0.0000,-1,0,0,0,0,0
35.4122,1,0,0,0,0,0,1,2,0,0.0000,-1,0,0,0,0,0
35.43431,1,0,0,0,0,0,1,2,0,0.0000,-1,0,0,0,0,0
35.45687,1,0,0,0,0,0,1,2,0,0.0000,-1,0,0,0,0,0
35.47954,1,0,0,0,0,0,1,2,0,0.0000,-1,0,0,0,0,0
35.50152,1,0,0,0,0,0,1,2,0,0.0000,-1,0,0,0,0,0
35.52338,1,0,0,0,0,0,1,2,0,0.0000,-1,0,0,0,0,0
35.54449,1,0,0,0,0,0,1,2,0,0.0000,-1,0,0,0,0,0
35.56677,1,0,0,0,0,0,1,2,0,0.0000,-1,0,0,0,0,0
35.58941,1,0,0,0,0,0,1,1,0,0.0000,2,1,0,0,0,1
35.61652,1,0,0,0,0,0,1,1,0,0.0000,-1,1,0,0,0,1
35.63263,1,0,0,0,0,0,1,1,0,0.0000,-1,1,0,0,0,1
35.65569,1,0,0,0,0,0,1,1,0,0.0000,-1,1,0,0,0,1
35.67845,1,0,0,0,0,0,1,1,0,0.0000,-1,1,0,0,0,1
35.69986,1,0,0,0,0,0,1,1,0,0.0000,-1,1,0,0,0,1
35.72233,1,0,0,0,0,0,1,1,0,0.0000,-1,1,0,0,0,1
35.74453,1,0,0,0,0,0,1,1,0,0.0000,-1,1,0,0,0,1
35.76719,1,0,0,0,0,0,1,1,0,0.0000,-1,1,0,0,0,1
35.78994,1,0,0,0,0,0,1,1,0,0.0000,-1,1,0,0,0,1
35.83422,1,0,0,0,0,0,1,1,0,0.0000,-1,1,0,0,0,1
35.84906,1,0,0,0,0,0,1,1,0,0.0000,-1,1,0,0,0,1
35.86629,1,0,0,0,0,0,1,1,0,0.0000,-1,1,0,0,0,1
35.89365,1,0,0,0,0,0,1,1,0,0.0000,-1,1,0,0,0,1
35.91055,1,0,0,0,0,0,1,1,0,0.0000,-1,1,0,0,0,1
35.93317,1,0,0,0,0,0,1,1,0,0.0000,-1,1,0,0,0,1
35.95575,1,0,0,0,0,0,1,1,0,0.0000,-1,1,0,0,0,1
35.97815,1,0,0,0,0,0,1,1,0,0.0000,-1,1,0,0,0,1
36.00035,1,0,0,0,0,0,1,1,0,0.0000,-1,1,0,0,0,1
36.02242,1,0,0,0,0,0,1,1,0,0.0000,-1,1,0,0,0,1
36.04494,1,0,0,0,0,0,1,1,0,0.0000,-1,1,0,0,0,1
36.06643,1,0,0,0,0,0,1,1,0,0.0000,-1,1,0,0,0,1
36.08879,1,0,0,0,0,0,1,1,0,0.0000,-1,1,0,0,0,1
36.11164,1,0,0,0,0,0,1,1,0,0.0000,-1,1,0,0,0,1
36.13474,1,0,0,0,0,0,1,1,0,0.0000,-1,1,0,0,0,1
36.15713,1,0,0,0,0,0,1,1,0,0.0000,-1,1,0,0,0,1
36.17992,1,0,0,0,0,0,1,1,0,0.0000,-1,1,0,0,0,1
36.20254,1,0,0,0,0,0,1,1,0,0.0000,-1,1,0,0,0,1
36.22489,1,0,0,0,0,0,1,1,0,0.0000,-1,1,0,0,0,1
36.24865,1,0,0,0,0,0,1,1,0,0.0000,-1,1,0,0,0,1
36.27172,1,0,0,0,0,0,1,1,0,0.0000,-1,1,0,0,0,1
36.29412,1,0,0,0,0,0,1,1,0,0.0000,-1,1,0,0,0,1
36.31775,1,0,0,0,0,0,1,1,0,0.0000,-1,1,0,0,0,1
36.34233,1,0,0,0,0,0,1,1,0,0.0000,-1,1,0,0,0,1
36.36572,1,0,0,0,0,0,1,3,0,0.0000,1,2,0,0,0,2
36.38939,1,0,0,0,0,0,1,3,0,0.0000,-1,2,0,0,0,2
36.41346,1,0,0,0,0,0,1,3,0,0.0000,-1,2,0,0,0,2
36.4573,1,0,0,0,0,0,1,3,0,0.0000,-1,2,0,0,0,2
36.47216,1,0,0,0,0,0,1,3,0,0.0000,-1,2,0,0,0,2
36.48883,1,0,0,0,0,0,1,3,0,0.0000,-1,2,0,0,0,2
36.51894,1,0,0,0,0,0,1,3,0,0.0000,-1,2,0,0,0,2
36.53909,1,0,0,0,0,0,1,3,0,0.0000,-1,2,0,0,0,2
36.56166,1,0,0,0,0,0,1,3,0,0.0000,-1,2,0,0,0,2
36.585,1,0,0,0,0,0,1,3,0,0.0000,-1,2,0,0,0,2
36.60761,1,0,0,0,0,0,1,3,0,0.0000,-1,2,0,0,0,2
36.62999,1,0,0,0,0,0,1,3,0,0.0000,-1,2,0,0,0,2
36.65326,1,0,0,0,0,0,1,3,0,0.0000,-1,2,0,0,0,2
36.67512,1,0,0,0,0,0,1,3,0,0.0000,-1,2,0,0,0,2
36.69733,1,0,0,0,0,0,1,3,0,0.0000,-1,2,0,0,0,2
36.71918,1,0,0,0,0,0,1,3,0,0.0000,-1,2,0,0,0,2
36.74039,1,0,0,0,0,0,1,3,0,0.0000,-1,2,0,0,0,2
36.7625,1,0,0,0,0,0,1,3,0,0.0000,-1,2,0,0,0,2
36.78364,1,0,0,0,0,0,1,5,0,0.0000,3,3,0,0,0,3
36.80581,1,0,0,0,0,0,1,5,0,0.0000,-1,3,0,0,0,3
36.82665,1,0,0,0,0,0,1,5,0,0.0000,-1,3,0,0,0,3
36.84876,1,0,0,0,0,0,1,5,0,0.0000,-1,3,0,0,0,3
36.87014,1,0,0,0,0,0,1,5,0,0.0000,-1,3,0,0,0,3
36.8941,1,0,0,0,0,0,1,5,0,0.0000,-1,3,0,0,0,3
36.91538,1,0,0,0,0,0,1,5,0,0.0000,-1,3,0,0,0,3
36.93737,1,0,0,0,0,0,1,5,0,0.0000,-1,3,0,0,0,3
36.95859,1,0,0,0,0,0,1,5,0,0.0000,-1,3,0,0,0,3
36.98055,1,0,0,0,0,0,1,5,0,0.0000,-1,3,0,0,0,3
37.0024,1,0,0,0,0,0,1,5,0,0.0000,-1,3,0,0,0,3
37.02388,1,0,0,1,0,0,1,5,0,0.0000,-1,3,0,0,0,3
37.04628,1,0,0,1,0,0,1,5,0,0.0000,-1,3,0,0,0,3
37.06789,1,0,0,1,0,0,1,5,0,0.0000,-1,3,0,0,0,3
37.11025,1,0,0,1,0,0,1,5,0,0.0000,-1,3,0,0,0,3
37.1232,1,0,0,1,0,0,1,5,0,0.0000,-1,3,0,0,0,3
37.13699,1,0,0,1,0,0,1,5,0,0.0000,-1,3,0,0,0,3
37.15897,1,0,0,1,0,0,1,5,0,0.0000,-1,3,0,0,0,3
37.18227,1,0,0,1,0,0,1,5,0,0.0000,-1,3,0,0,0,3
37.20309,1,0,0,1,0,0,1,5,0,0.0000,-1,3,0,0,0,3
37.22463,1,0,0,1,0,0,1,5,0,0.0000,-1,3,0,0,0,3
37.24633,1,0,0,1,0,0,1,5,0,0.0000,-1,3,0,0,0,3
37.26868,1,0,0,1,0,0,0,-1,0,0.0000,5,4,0,0,0,4
37.2904,1,0,0,1,0,0,0,-1,0,0.0000,-1,4,0,0,0,4
37.3123,1,0,0,1,0,0,0,-1,0,0.0000,-1,4,0,0,0,4
37.33361,1,0,0,1,0,0,0,-1,0,0.0000,-1,4,0,0,0,4
37.35571,1,0,0,1,0,0,0,-1,0,0.0000,-1,4,0,0,0,4
37.37733,1,0,0,1,0,0,0,-1,0,0.0000,-1,4,0,0,0,4
37.3992,1,0,0,1,0,0,0,-1,0,0.0000,-1,4,0,0,0,4
37.42108,1,0,0,1,0,0,0,-1,0,0.0000,-1,4,0,0,0,4
37.44229,1,0,0,1,0,0,0,-1,0,0.0000,-1,4,0,0,0,4
37.46467,1,0,0,1,0,0,0,-1,0,0.0000,-1,4,0,0,0,4
37.48693,1,0,0,1,0,0,0,-1,0,0.0000,-1,4,0,0,0,4
37.527,1,0,0,1,0,0,0,-1,0,0.0000,-1,4,0,0,0,4
37.53989,1,0,0,1,0,0,0,-1,0,0.0000,-1,4,0,0,0,4
37.5548,1,0,0,1,0,0,0,-1,0,0.0000,-1,4,0,0,0,4
37.57713,1,0,0,1,0,0,0,-1,0,0.0000,-1,4,0,0,0,4
37.59743,1,0,0,1,0,0,0,-1,0,0.0000,-1,4,0,0,0,4
37.61952,1,0,0,1,0,0,0,-1,0,0.0000,-1,4,0,0,0,4
37.64036,1,0,0,1,0,0,0,-1,0,0.0000,-1,4,0,0,0,4
37.66262,1,0,0,1,0,0,0,-1,0,0.0000,-1,4,0,0,0,4
37.68284,1,0,0,1,0,0,0,-1,0,0.0000,-1,4,0,0,0,4
37.70447,1,0,0,1,0,0,0,-1,0,0.0000,-1,4,0,0,0,4
37.74518,1,0,0,1,0,0,0,-1,0,0.0000,-1,4,0,0,0,4
37.75877,1,0,0,1,1,0,0,-1,0,0.0000,-1,4,0,0,0,4
37.78317,1,0,0,1,1,0,0,-1,0,0.0000,-1,4,0,0,0,4
37.80097,1,0,0,1,1,0,0,-1,0,0.0000,-1,4,0,0,0,4
37.82275,1,0,0,1,1,0,0,-1,0,0.0000,-1,4,0,0,0,4
37.84442,1,0,0,1,1,0,0,-1,0,0.0000,-1,4,0,0,0,4
37.86641,1,0,0,1,1,0,0,-1,0,0.0000,-1,4,0,0,0,4
37.89125,1,0,0,1,1,0,0,-1,0,0.0000,-1,4,0,0,0,4
37.90939,1,0,0,1,1,0,0,-1,0,0.0000,-1,4,0,0,0,4
37.9306,1,0,0,1,1,0,0,-1,0,0.0000,-1,4,0,0,0,4
37.95177,1,0,0,1,1,0,0,-1,0,0.0000,-1,4,0,0,0,4
37.97191,1,0,0,1,1,0,0,-1,0,0.0000,-1,4,0,0,0,4
37.99349,1,0,0,1,1,0,0,-1,0,0.0000,-1,4,0,0,0,4
38.01494,1,0,0,1,1,0,0,-1,0,0.0000,-1,4,0,0,0,4
38.03555,1,0,0,1,1,0,0,-1,0,0.0000,-1,4,0,0,0,4
38.05633,1,0,0,1,1,0,0,-1,0,0.0000,-1,4,0,0,0,4
38.07789,1,0,0,1,1,0,0,-1,0,0.0000,-1,4,0,0,0,4
38.09986,1,0,0,1,1,0,0,-1,0,0.0000,-1,4,0,0,0,4
38.12099,1,0,0,1,1,0,0,-1,0,0.0000,-1,4,0,0,0,4
38.14198,1,0,0,1,1,0,0,-1,0,0.0000,-1,4,0,0,0,4
38.16275,1,0,0,1,1,0,0,-1,0,0.0000,-1,4,0,0,0,4
38.1824,1,0,0,1,1,0,0,-1,0,0.0000,-1,4,0,0,0,4
38.2037,1,0,0,1,1,0,0,-1,0,0.0000,-1,4,0,0,0,4
38.22531,1,0,0,1,1,0,0,-1,0,0.0000,-1,4,0,0,0,4
38.24619,1,0,0,1,1,0,0,-1,0,0.0000,-1,4,0,0,0,4
38.26709,1,0,0,1,1,0,0,-1,0,0.0000,-1,4,0,0,0,4
38.28951,1,0,0,1,1,0,0,-1,0,0.0000,-1,4,0,0,0,4
38.31023,1,0,0,1,1,0,0,-1,0,0.0000,-1,4,0,0,0,4
38.33059,1,0,0,1,1,0,0,-1,1,1.0000,-1,4,0,0,0,4
38.34951,1,0,0,1,1,0,0,-1,0,1.0000,-1,4,0,0,0,4
38.37032,1,0,0,1,1,0,0,-1,0,1.0000,-1,4,0,0,0,4
38.39116,1,0,0,1,1,0,0,-1,0,1.0000,-1,4,0,0,0,4
38.41225,1,0,0,1,1,0,0,-1,0,1.0000,-1,4,0,0,0,4
38.43338,1,0,0,1,1,0,0,-1,0,1.0000,-1,4,0,0,0,4
38.4549,1,0,0,0,1,0,0,-1,0,1.0000,-1,4,0,0,0,4
38.47657,1,0,0,0,1,0,0,-1,0,1.0000,-1,4,0,0,0,4
38.49567,1,0,0,0,1,0,0,-1,0,1.0000,-1,4,0,0,0,4
38.51583,1,0,0,0,1,0,0,-1,0,1.0000,-1,4,0,0,0,4
38.53694,1,0,0,0,1,0,0,-1,0,1.0000,-1,4,0,0,0,4
38.57668,1,0,0,0,1,0,0,-1,0,1.0000,-1,4,0,0,0,4
38.58827,1,0,0,0,1,0,0,-1,0,1.0000,-1,4,0,0,0,4
38.6021,1,0,0,0,1,0,0,-1,0,1.0000,-1,4,0,0,0,4
38.62109,1,0,0,0,1,0,0,-1,0,1.0000,-1,4,0,0,0,4
38.64291,1,0,0,0,0,0,0,-1,0,1.0000,-1,4,0,0,0,4
38.66405,1,0,0,0,0,0,0,-1,0,1.0000,-1,4,0,0,0,4
38.68308,1,0,0,0,0,0,0,-1,0,1.0000,-1,4,0,0,0,4
38.70459,1,0,0,0,0,0,0,-1,0,1.0000,-1,4,0,0,0,4
38.72628,1,0,0,0,0,0,0,-1,1,2.0000,-1,4,0,0,0,4
38.74647,1,0,0,0,0,0,0,-1,0,2.0000,-1,4,0,0,0,4
38.78725,1,0,0,0,0,0,0,-1,0,2.0000,-1,4,0,0,0,4
38.79971,1,0,0,0,0,0,0,-1,0,2.0000,-1,4,0,0,0,4
38.81412,1,0,0,0,0,0,0,-1,0,2.0000,-1,4,0,0,0,4
38.83459,1,0,0,0,0,0,0,-1,0,2.0000,-1,4,0,0,0,4
38.85707,1,0,0,0,0,0,0,-1,0,2.0000,-1,4,0,0,0,4
38.87934,1,0,0,0,0,0,0,-1,0,2.0000,-1,4,0,0,0,4
38.90343,1,0,0,0,0,0,0,-1,0,2.0000,-1,4,0,0,0,4
38.9243,1,0,0,0,0,0,0,-1,0,2.0000,-1,4,0,0,0,4
38.94636,1,0,0,0,0,0,0,-1,0,2.0000,-1,4,0,0,0,4
38.96826,1,0,0,0,0,0,0,-1,0,2.0000,-1,4,0,0,0,4
38.99009,1,0,0,0,0,0,0,-1,0,2.0000,-1,4,0,0,0,4
39.01223,1,0,0,0,0,0,0,-1,0,2.0000,-1,4,0,0,0,4
39.03292,1,0,0,0,0,0,0,-1,0,2.0000,-1,4,0,0,0,4
39.05514,1,0,0,0,0,0,0,-1,0,2.0000,-1,4,0,0,0,4
39.07609,1,0,0,0,0,0,0,-1,0,2.0000,-1,4,0,0,0,4
39.09785,1,0,0,0,0,0,0,-1,0,2.0000,-1,4,0,0,0,4
39.11747,1,0,0,0,0,0,0,-1,0,2.0000,-1,4,0,0,0,4
39.13795,1,0,0,0,0,0,0,-1,0,2.0000,-1,4,0,0,0,4
39.15941,1,0,0,0,0,0,0,-1,0,2.0000,-1,4,0,0,0,4
39.18154,1,0,0,0,0,0,0,-1,0,2.0000,-1,4,0,0,0,4
39.22665,1,0,0,0,0,0,0,-1,0,2.0000,-1,4,0,0,0,4
39.24075,1,0,0,0,0,0,0,-1,0,2.0000,-1,4,0,0,0,4
39.25432,1,0,0,0,0,0,0,-1,0,2.0000,-1,4,0,0,0,4
39.27594,1,0,0,0,0,0,0,-1,0,2.0000,-1,4,0,0,0,4
39.29332,1,0,0,0,0,0,0,-1,0,2.0000,-1,4,0,0,0,4
39.3135,1,0,0,0,0,0,0,-1,0,2.0000,-1,4,0,0,0,4
39.33548,1,0,0,0,0,0,0,-1,0,1.0000,-1,4,0,0,0,4
39.35568,1,0,0,0,0,0,0,-1,0,1.0000,-1,4,0,0,0,4
39.37842,1,0,0,0,0,0,0,-1,0,1.0000,-1,4,0,0,0,4
39.39955,1,0,0,0,0,0,0,-1,0,1.0000,-1,4,0,0,0,4
39.43629,1,0,0,0,0,0,0,-1,0,1.0000,-1,4,0,0,0,4
39.45036,1,0,0,0,0,0,0,-1,0,1.0000,-1,4,0,0,0,4
39.46719,1,0,0,0,0,0,0,-1,0,1.0000,-1,4,0,0,0,4
39.48424,1,0,0,0,0,0,0,-1,0,1.0000,-1,4,0,0,0,4
39.50534,1,0,0,0,0,0,0,-1,0,1.0000,-1,4,0,0,0,4
39.52615,1,0,0,0,0,0,0,-1,0,1.0000,-1,4,0,0,0,4
39.54739,1,0,0,0,0,0,0,-1,0,1.0000,-1,4,0,0,0,4
39.56779,1,0,0,0,0,0,0,-1,0,1.0000,-1,4,0,0,0,4
39.58849,1,0,0,0,0,0,0,-1,0,1.0000,-1,4,0,0,0,4
39.61029,1,0,0,0,0,0,0,-1,0,1.0000,-1,4,0,0,0,4
39.64725,1,0,0,0,0,0,0,-1,0,1.0000,-1,4,0,0,0,4
39.65925,1,0,0,0,0,0,0,-1,0,1.0000,-1,4,0,0,0,4
39.67389,1,0,0,0,0,0,0,-1,0,1.0000,-1,4,0,0,0,4
39.69394,1,0,0,0,0,0,0,-1,0,1.0000,-1,4,0,0,0,4
39.7149,1,0,0,0,0,0,0,-1,0,1.0000,-1,4,0,0,0,4
39.7353,1,0,0,0,0,0,0,-1,0,0.0000,-1,4,0,0,0,4
39.75657,1,0,0,0,0,0,0,-1,0,0.0000,-1,4,0,0,0,4
39.7775,1,0,0,0,0,0,0,-1,0,0.0000,-1,4,0,0,0,4
39.79972,1,0,0,0,0,0,0,-1,0,0.0000,-1,4,0,0,0,4
39.81961,1,0,0,0,0,0,0,-1,0,0.0000,-1,4,0,0,0,4
39.83991,1,0,0,0,0,0,0,-1,0,0.0000,-1,4,0,0,0,4
39.86164,1,0,0,0,0,0,0,-1,0,0.0000,-1,4,0,0,0,4
39.88206,1,0,0,0,0,0,0,-1,0,0.0000,-1,4,0,0,0,4
39.90178,1,0,0,0,0,0,0,-1,0,0.0000,-1,4,0,0,0,4
39.92378,1,0,0,0,0,0,0,-1,0,0.0000,-1,4,0,0,0,4
39.94423,1,0,0,0,0,0,0,-1,0,0.0000,-1,4,0,0,0,4
39.96663,1,0,0,0,0,0,0,-1,0,0.0000,-1,4,0,0,0,4
39.98711,1,0,0,0,0,0,0,-1,0,0.0000,-1,4,0,0,0,4
40.00716,1,0,0,0,0,0,0,-1,0,0.0000,-1,4,0,0,0,4
40.02702,1,0,0,0,0,0,0,-1,1,1.0000,-1,4,0,0,0,4
40.0483,1,0,0,0,0,0,0,-1,0,1.0000,-1,4,0,0,0,4
40.06821,1,0,0,0,0,0,0,-1,0,1.0000,-1,4,0,0,0,4
40.09022,1,0,0,0,0,0,0,-1,0,1.0000,-1,4,0,0,0,4
40.11115,1,0,0,0,0,0,0,-1,0,1.0000,-1,4,0,0,0,4
40.13236,1,0,0,0,0,0,0,-1,0,1.0000,-1,4,0,0,0,4
40.15202,1,0,0,0,0,0,0,-1,0,1.0000,-1,4,0,0,0,4
40.17377,1,0,0,0,0,0,0,-1,0,1.0000,-1,4,0,0,0,4
40.19441,1,0,0,0,0,0,0,-1,0,1.0000,-1,4,0,0,0,4
40.21444,1,0,0,0,0,0,1,8,0,1.0000,-1,4,0,0,0,4
40.23656,1,0,0,0,0,0,1,8,0,1.0000,-1,4,0,0,0,4
40.25737,1,0,0,0,0,0,1,8,0,1.0000,-1,4,0,0,0,4
40.27872,1,0,0,0,0,0,1,8,0,1.0000,-1,4,0,0,0,4
40.30087,1,0,0,0,0,0,1,8,0,1.0000,-1,4,0,0,0,4
40.32189,1,0,0,0,0,0,1,6,0,1.0000,8,5,0,0,0,5
40.34306,1,0,0,0,0,0,1,6,0,1.0000,-1,5,0,0,0,5
40.36224,1,0,0,0,0,0,1,6,0,1.0000,-1,5,0,0,0,5
40.38344,1,0,0,0,0,0,1,6,0,1.0000,-1,5,0,0,0,5
40.40421,1,0,0,0,0,0,1,6,0,1.0000,-1,5,0,0,0,5
40.4255,1,0,0,0,0,0,1,6,0,1.0000,-1,5,0,0,0,5
40.44679,1,0,0,0,0,0,1,6,0,1.0000,-1,5,0,0,0,5
40.48873,1,0,0,0,0,0,1,6,0,1.0000,-1,5,0,0,0,5
40.49966,1,0,0,0,0,0,1,6,0,1.0000,-1,5,0,0,0,5
40.5132,1,0,0,0,0,0,1,6,0,1.0000,-1,5,0,0,0,5
40.53471,1,0,0,0,0,0,1,6,0,1.0000,-1,5,0,0,0,5
40.55549,1,0,0,0,0,0,1,6,0,1.0000,-1,5,0,0,0,5
40.57786,1,0,0,0,0,0,1,6,0,1.0000,-1,5,0,0,0,5
40.59929,1,0,0,0,0,0,1,6,0,1.0000,-1,5,0,0,0,5
40.62181,1,0,0,0,0,0,1,6,0,1.0000,-1,5,0,0,0,5
40.6417,1,0,0,0,0,0,1,6,0,1.0000,-1,5,0,0,0,5
40.66156,1,0,0,0,0,0,1,6,0,1.0000,-1,5,0,0,0,5
40.6828,1,0,0,0,0,0,1,6,0,1.0000,-1,5,0,0,0,5
40.70378,1,0,0,0,0,0,1,6,0,1.0000,-1,5,0,0,0,5
40.72493,1,0,0,0,0,0,1,6,0,1.0000,-1,5,0,0,0,5
40.74663,1,0,0,0,0,0,1,6,0,1.0000,-1,5,0,0,0,5
40.76812,1,0,0,0,0,0,0,-1,0,1.0000,6,6,0,0,0,6
40.79,1,0,0,0,0,0,0,-1,0,1.0000,-1,6,0,0,0,6
40.81261,1,0,0,0,0,0,0,-1,0,1.0000,-1,6,0,0,0,6
40.83374,1,0,0,0,0,0,0,-1,0,1.0000,-1,6,0,0,0,6
40.85566,1,0,0,0,0,0,0,-1,0,1.0000,-1,6,0,0,0,6
40.87692,1,0,0,0,0,0,0,-1,0,1.0000,-1,6,0,0,0,6
40.91632,1,0,0,0,0,0,0,-1,0,1.0000,-1,6,0,0,0,6
40.92887,1,0,0,0,0,0,0,-1,0,1.0000,-1,6,0,0,0,6
40.94425,1,0,0,0,0,0,0,-1,0,1.0000,-1,6,0,0,0,6
40.96646,1,0,0,0,0,0,0,-1,0,1.0000,-1,6,0,0,0,6
40.98817,1,0,0,0,0,0,0,-1,0,1.0000,-1,6,0,0,0,6
41.01061,1,0,0,0,0,0,0,-1,0,1.0000,-1,6,0,0,0,6
41.02977,1,0,0,0,0,0,0,-1,0,0.0000,-1,6,0,0,0,6
41.05095,1,0,0,0,0,0,0,-1,0,0.0000,-1,6,0,0,0,6
41.07215,1,0,0,0,0,0,0,-1,0,0.0000,-1,6,0,0,0,6
41.09282,1,0,0,0,0,0,0,-1,0,0.0000,-1,6,0,0,0,6
41.11478,1,0,0,0,0,0,0,-1,0,0.0000,-1,6,0,0,0,6
41.13586,1,0,0,0,0,0,0,-1,0,0.0000,-1,6,0,0,0,6
41.15644,1,0,0,0,0,0,0,-1,0,0.0000,-1,6,0,0,0,6
41.17809,1,0,0,0,0,0,0,-1,0,0.0000,-1,6,0,0,0,6
41.19882,1,0,0,0,0,0,0,-1,0,0.0000,-1,6,0,0,0,6
41.21981,1,0,0,0,0,0,0,-1,0,0.0000,-1,6,0,0,0,6
41.24038,1,0,0,0,0,0,0,-1,0,0.0000,-1,6,0,0,0,6
41.26096,1,0,0,0,0,0,0,-1,0,0.0000,-1,6,0,0,0,6
41.2809,1,0,0,0,0,0,0,-1,0,0.0000,-1,6,0,0,0,6
41.30273,1,0,0,0,0,0,0,-1,0,0.0000,-1,6,0,0,0,6
41.34247,1,0,0,0,0,0,0,-1,0,0.0000,-1,6,0,0,0,6
41.35426,1,0,0,0,0,0,0,-1,0,0.0000,-1,6,0,0,0,6
41.36877,1,0,0,0,0,0,0,-1,0,0.0000,-1,6,0,0,0,6
41.38918,1,0,0,0,0,0,0,-1,0,0.0000,-1,6,0,0,0,6
41.41047,1,0,0,0,0,0,0,-1,0,0.0000,-1,6,0,0,0,6
41.43248,1,0,0,0,0,0,0,-1,0,0.0000,-1,6,0,0,0,6
41.45234,1,0,0,0,0,0,0,-1,0,0.0000,-1,6,0,0,0,6
41.47226,1,0,0,0,0,0,0,-1,0,0.0000,-1,6,0,0,0,6
41.49281,1,0,0,0,0,0,0,-1,0,0.0000,-1,6,0,0,0,6
41.51462,1,0,0,0,0,0,0,-1,0,0.0000,-1,6,0,0,0,6
41.53463,1,0,0,0,0,0,0,-1,0,0.0000,-1,6,0,0,0,6
41.55593,1,0,0,0,0,0,0,-1,0,0.0000,-1,6,0,0,0,6
41.57702,1,0,0,0,0,0,0,-1,0,0.0000,-1,6,0,0,0,6
41.59861,1,0,0,0,0,0,0,-1,0,0.0000,-1,6,0,0,0,6
41.6209,1,0,0,0,0,0,0,-1,0,0.0000,-1,6,0,0,0,6
41.63863,1,0,0,0,0,0,0,-1,0,0.0000,-1,6,0,0,0,6
41.65889,1,0,0,0,0,0,0,-1,0,0.0000,-1,6,0,0,0,6
41.67997,1,0,0,0,0,0,0,-1,0,0.0000,-1,6,0,0,0,6
41.70049,1,0,0,0,0,0,0,-1,0,0.0000,-1,6,0,0,0,6
41.72276,1,0,0,0,0,0,0,-1,0,0.0000,-1,6,0,0,0,6
41.74455,1,0,0,0,0,0,0,-1,0,0.0000,-1,6,0,0,0,6
41.76477,1,0,0,0,0,0,0,-1,0,0.0000,-1,6,0,0,0,6
41.78421,1,0,0,0,0,0,0,-1,0,0.0000,-1,6,0,0,0,6
41.80486,1,0,0,0,0,0,0,-1,0,0.0000,-1,6,0,0,0,6
41.82618,1,0,0,0,0,0,0,-1,0,0.0000,-1,6,0,0,0,6
41.84631,1,0,0,0,0,0,0,-1,0,0.0000,-1,6,0,0,0,6
41.86711,1,0,0,0,0,0,0,-1,0,0.0000,-1,6,0,0,0,6
41.88863,1,0,0,0,0,0,0,-1,0,0.0000,-1,6,0,0,0,6
41.91132,1,0,0,0,0,0,0,-1,0,0.0000,-1,6,0,0,0,6
41.93156,1,0,0,0,0,0,0,-1,0,0.0000,-1,6,0,0,0,6
41.95137,1,0,0,0,0,0,0,-1,0,0.0000,-1,6,0,0,0,6
41.97074,1,0,0,0,0,0,0,-1,0,0.0000,-1,6,0,0,0,6
41.99157,1,0,0,0,0,0,0,-1,0,0.0000,-1,6,0,0,0,6
42.01272,1,0,0,0,0,0,0,-1,0,0.0000,-1,6,0,0,0,6
42.03354,1,0,0,0,0,0,0,-1,0,0.0000,-1,6,0,0,0,6
42.05512,1,0,0,0,0,0,0,-1,0,0.0000,-1,6,0,0,0,6
42.07528,1,0,0,0,0,0,0,-1,0,0.0000,-1,6,0,0,0,6
42.09464,1,0,0,0,0,0,0,-1,0,0.0000,-1,6,0,0,0,6
42.11447,1,0,0,0,0,0,0,-1,0,0.0000,-1,6,0,0,0,6
42.13622,1,0,0,0,0,0,0,-1,0,0.0000,-1,6,0,0,0,6
42.15643,1,0,0,0,0,0,0,-1,0,0.0000,-1,6,0,0,0,6
42.17682,1,0,0,0,0,0,0,-1,0,0.0000,-1,6,0,0,0,6
42.19781,1,0,0,0,0,0,0,-1,0,0.0000,-1,6,0,0,0,6
42.2182,1,0,0,0,0,0,0,-1,0,0.0000,-1,6,0,0,0,6
42.23844,1,0,0,0,0,0,0,-1,0,0.0000,-1,6,0,0,0,6
42.25901,1,0,0,0,0,0,0,-1,0,0.0000,-1,6,0,0,0,6
42.27983,1,0,0,0,0,0,0,-1,0,0.0000,-1,6,0,0,0,6
42.30075,1,0,0,0,0,0,0,-1,0,0.0000,-1,6,0,0,0,6
42.32264,1,0,0,0,0,0,0,-1,0,0.0000,-1,6,0,0,0,6
42.34388,1,0,0,0,0,0,0,-1,0,0.0000,-1,6,0,0,0,6
42.36388,1,0,0,0,0,0,0,-1,0,0.0000,-1,6,0,0,0,6
42.38303,1,0,0,0,0,0,0,-1,0,0.0000,-1,6,0,0,0,6
42.40353,1,0,0,0,0,0,0,-1,0,0.0000,-1,6,0,0,0,6
42.42353,1,0,0,0,0,0,0,-1,0,0.0000,-1,6,0,0,0,6
42.44482,1,0,0,0,0,0,0,-1,0,0.0000,-1,6,0,0,0,6
42.46616,1,0,0,0,0,0,0,-1,0,0.0000,-1,6,0,0,0,6
42.48598,1,0,0,0,0,0,0,-1,0,0.0000,-1,6,0,0,0,6
42.50668,1,0,0,0,0,0,0,-1,0,0.0000,-1,6,0,0,0,6
42.5283,1,0,0,0,0,0,0,-1,0,0.0000,-1,6,0,0,0,6
42.5493,1,0,0,0,0,0,0,-1,0,0.0000,-1,6,0,0,0,6
42.56897,1,0,0,0,0,0,0,-1,0,0.0000,-1,6,0,0,0,6
42.58953,1,0,0,0,0,0,0,-1,0,0.0000,-1,6,0,0,0,6
42.61007,1,0,0,0,0,0,0,-1,0,0.0000,-1,6,0,0,0,6
42.6315,1,0,0,0,0,0,0,-1,0,0.0000,-1,6,0,0,0,6
42.651,1,0,0,0,0,0,0,-1,0,0.0000,-1,6,0,0,0,6
42.67133,1,0,0,0,0,0,0,-1,0,0.0000,-1,6,0,0,0,6
42.69066,1,0,0,0,0,0,0,-1,0,0.0000,-1,6,0,0,0,6
42.71093,1,0,0,0,0,0,0,-1,0,0.0000,-1,6,0,0,0,6
42.73214,1,0,0,0,0,0,0,-1,0,0.0000,-1,6,0,0,0,6
42.75275,1,0,0,0,0,0,0,-1,0,0.0000,-1,6,0,0,0,6
42.77296,1,0,0,0,0,0,0,-1,0,0.0000,-1,6,0,0,0,6
42.7917,1,0,0,0,0,0,0,-1,0,0.0000,-1,6,0,0,0,6
42.8118,1,0,0,0,0,0,0,-1,0,0.0000,-1,6,0,0,0,6
42.84021,1,0,0,0,0,0,0,-1,0,0.0000,-1,6,0,0,0,6
42.85921,1,0,0,0,0,0,0,-1,0,0.0000,-1,6,0,0,0,6
42.87815,1,0,0,0,0,0,0,-1,0,0.0000,-1,6,0,0,0,6
42.89941,1,0,0,0,0,0,0,-1,0,0.0000,-1,6,0,0,0,6
42.91951,1,0,0,0,0,0,0,-1,0,0.0000,-1,6,0,0,0,6
42.94049,1,0,0,0,0,0,0,-1,0,0.0000,-1,6,0,0,0,6
42.96001,1,0,0,0,0,0,0,-1,0,0.0000,-1,6,0,0,0,6
42.97974,1,0,0,0,0,0,0,-1,0,0.0000,-1,6,0,0,0,6
42.99978,1,0,0,0,0,0,0,-1,0,0.0000,-1,6,0,0,0,6
43.02061,1,0,0,0,0,0,0,-1,0,0.0000,-1,6,0,0,0,6
43.04065,1,0,0,0,0,0,0,-1,0,0.0000,-1,6,0,0,0,6
43.0607,1,0,0,0,0,0,0,-1,0,0.0000,-1,6,0,0,0,6
43.08014,1,0,0,0,0,0,0,-1,0,0.0000,-1,6,0,0,0,6
43.10058,1,0,0,0,0,0,0,-1,0,0.0000,-1,6,0,0,0,6
43.12105,1,0,0,0,0,0,0,-1,0,0.0000,-1,6,0,0,0,6
43.14124,1,0,0,0,0,0,0,-1,0,0.0000,-1,6,0,0,0,6
43.16257,1,0,0,0,0,0,0,-1,0,0.0000,-1,6,0,0,0,6
43.19902,1,0,0,0,0,0,0,-1,0,0.0000,-1,6,0,0,0,6
43.20942,1,0,0,0,0,0,0,-1,0,0.0000,-1,6,0,0,0,6
43.22245,1,0,0,0,0,0,0,-1,0,0.0000,-1,6,0,0,0,6
43.2443,1,0,0,0,0,0,0,-1,0,0.0000,-1,6,0,0,0,6
43.26334,1,0,0,0,0,0,0,-1,0,0.0000,-1,6,0,0,0,6
43.28248,1,0,0,0,0,0,0,-1,0,0.0000,-1,6,0,0,0,6
43.30204,1,0,0,0,0,0,0,-1,0,0.0000,-1,6,0,0,0,6
43.32174,1,0,0,0,0,0,0,-1,0,0.0000,-1,6,0,0,0,6
43.34255,1,0,0,0,0,0,0,-1,0,0.0000,-1,6,0,0,0,6
43.36272,1,0,0,0,0,0,0,-1,0,0.0000,-1,6,0,0,0,6
43.39878,1,0,0,0,0,0,0,-1,0,0.0000,-1,6,0,0,0,6
43.40975,1,0,0,0,0,0,0,-1,0,0.0000,-1,6,0,0,0,6
43.42447,1,0,0,0,0,0,0,-1,0,0.0000,-1,6,0,0,0,6
43.44442,1,0,0,0,0,0,0,-1,0,0.0000,-1,6,0,0,0,6
43.46552,1,0,0,0,0,0,0,-1,0,0.0000,-1,6,0,0,0,6
43.48517,1,0,0,0,0,0,0,-1,1,1.0000,-1,6,0,0,0,6
43.50567,1,0,0,0,0,0,0,-1,0,1.0000,-1,6,0,0,0,6
43.5246,1,0,0,0,0,0,0,-1,0,1.0000,-1,6,0,0,0,6
43.54487,1,0,0,0,0,0,0,-1,0,1.0000,-1,6,0,0,0,6
43.56521,1,0,0,0,0,0,0,-1,0,1.0000,-1,6,0,0,0,6
43.58507,1,0,0,0,0,0,0,-1,0,1.0000,-1,6,0,0,0,6
43.60403,1,0,0,0,0,0,0,-1,0,1.0000,-1,6,0,0,0,6
43.62265,1,0,0,0,0,0,0,-1,0,1.0000,-1,6,0,0,0,6
43.64358,1,0,0,0,0,0,0,-1,0,1.0000,-1,6,0,0,0,6
43.66356,1,0,0,0,0,0,0,-1,0,1.0000,-1,6,0,0,0,6
43.68456,1,0,0,0,0,0,0,-1,0,1.0000,-1,6,0,0,0,6
43.70317,1,0,0,0,0,0,0,-1,0,1.0000,-1,6,0,0,0,6
43.72282,1,0,0,0,0,0,0,-1,0,1.0000,-1,6,0,0,0,6
43.74282,1,0,0,0,0,0,0,-1,0,1.0000,-1,6,0,0,0,6
43.76394,1,0,0,0,0,0,0,-1,0,1.0000,-1,6,0,0,0,6
43.78348,1,0,0,0,0,0,0,-1,0,1.0000,-1,6,0,0,0,6
43.80411,1,0,0,0,0,0,0,-1,0,1.0000,-1,6,0,0,0,6
43.82326,1,0,0,0,0,0,0,-1,0,1.0000,-1,6,0,0,0,6
43.84267,1,0,0,0,0,0,0,-1,0,1.0000,-1,6,0,0,0,6
43.86315,1,0,0,0,0,0,0,-1,0,1.0000,-1,6,0,0,0,6
43.88472,1,0,0,0,0,0,0,-1,0,1.0000,-1,6,0,0,0,6
43.90241,1,0,0,0,0,0,0,-1,0,1.0000,-1,6,0,0,0,6
43.92189,1,0,0,0,0,0,0,-1,0,1.0000,-1,6,0,0,0,6
43.94339,1,0,0,0,0,0,0,-1,0,1.0000,-1,6,0,0,0,6
43.96358,1,0,0,0,0,0,0,-1,0,1.0000,-1,6,0,0,0,6
43.98439,1,0,0,0,0,0,0,-1,1,2.0000,-1,6,0,0,0,6
44.00413,1,0,0,0,0,0,0,-1,0,2.0000,-1,6,0,0,0,6
44.02349,1,0,0,0,0,0,0,-1,0,2.0000,-1,6,0,0,0,6
44.04341,1,0,0,0,0,0,0,-1,0,2.0000,-1,6,0,0,0,6
44.06565,1,0,0,0,0,0,1,12,0,2.0000,-1,6,0,0,0,6
44.08423,1,0,0,0,0,0,1,12,0,2.0000,-1,6,0,0,0,6
44.10314,1,0,0,0,0,0,1,12,0,2.0000,-1,6,0,0,0,6
44.12286,1,0,0,0,0,0,1,12,0,2.0000,-1,6,0,0,0,6
44.14413,1,0,0,0,0,0,1,12,0,2.0000,-1,6,0,0,0,6
44.16342,1,0,0,0,0,0,1,12,0,2.0000,-1,6,0,0,0,6
44.1846,1,0,0,0,0,0,1,12,0,2.0000,-1,6,0,0,0,6
44.20336,1,0,0,0,0,0,1,12,0,2.0000,-1,6,0,0,0,6
44.22276,1,0,0,0,0,0,1,12,0,2.0000,-1,6,0,0,0,6
44.24399,1,0,0,0,0,0,1,12,0,2.0000,-1,6,0,0,0,6
44.26417,1,0,0,0,0,0,1,12,0,2.0000,-1,6,0,0,0,6
44.28434,1,0,0,0,0,0,1,12,0,2.0000,-1,6,0,0,0,6
44.30362,1,0,0,0,0,0,1,12,0,2.0000,-1,6,0,0,0,6
44.3233,1,0,0,0,0,0,1,12,0,2.0000,-1,6,0,0,0,6
44.34348,1,0,0,0,0,0,1,12,0,2.0000,-1,6,0,0,0,6
44.36388,1,0,0,0,0,0,1,12,0,2.0000,-1,6,0,0,0,6
44.38428,1,0,0,0,0,0,1,12,0,2.0000,-1,6,0,0,0,6
44.40368,1,0,0,0,0,0,1,12,0,2.0000,-1,6,0,0,0,6
44.4225,1,0,0,0,0,0,1,12,0,2.0000,-1,6,0,0,0,6
44.44351,1,0,0,0,0,0,1,12,0,2.0000,-1,6,0,0,0,6
44.46471,1,0,0,0,0,0,1,12,0,2.0000,-1,6,0,0,0,6
44.48331,1,0,0,0,0,0,1,12,0,2.0000,-1,6,0,0,0,6
44.50311,1,0,0,0,0,0,1,12,0,1.0000,-1,6,0,0,0,6
44.52308,1,0,0,0,0,0,1,12,0,1.0000,-1,6,0,0,0,6
44.54308,1,0,0,0,0,0,0,-1,0,1.0000,12,7,0,0,0,7
44.5643,1,0,0,0,0,0,0,-1,0,1.0000,-1,7,0,0,0,7
44.5828,1,0,0,0,0,0,0,-1,0,1.0000,-1,7,0,0,0,7
44.60307,1,0,0,0,0,0,0,-1,0,1.0000,-1,7,0,0,0,7
44.62294,1,0,0,0,0,0,0,-1,0,1.0000,-1,7,0,0,0,7
44.66064,1,0,0,0,0,0,0,-1,0,1.0000,-1,7,0,0,0,7
44.67197,1,0,0,0,0,0,0,-1,0,1.0000,-1,7,0,0,0,7
44.68674,1,0,0,0,0,0,1,15,0,1.0000,-1,7,0,0,0,7
44.70766,1,0,0,0,0,0,1,15,0,1.0000,-1,7,0,0,0,7
44.72611,1,0,0,0,0,0,1,15,0,1.0000,-1,7,0,0,0,7
44.74505,1,0,0,0,0,0,1,15,0,1.0000,-1,7,0,0,0,7
44.76489,1,0,0,0,0,0,1,15,0,1.0000,-1,7,0,0,0,7
44.78604,1,0,0,0,0,0,1,15,0,1.0000,-1,7,0,0,0,7
44.80641,1,0,0,0,0,0,1,15,0,1.0000,-1,7,0,0,0,7
44.8271,1,0,0,0,0,0,1,15,0,1.0000,-1,7,0,0,0,7
44.84604,1,0,0,0,0,0,1,15,0,1.0000,-1,7,0,0,0,7
44.86665,1,0,0,0,0,0,1,15,0,1.0000,-1,7,0,0,0,7
44.88774,1,0,0,0,0,0,1,15,0,1.0000,-1,7,0,0,0,7
44.90639,1,0,0,0,0,0,1,15,0,1.0000,-1,7,0,0,0,7
44.9259,1,0,0,0,0,0,1,15,0,1.0000,-1,7,0,0,0,7
44.94548,1,0,0,0,0,0,1,15,0,1.0000,-1,7,0,0,0,7
44.96543,1,0,0,0,0,0,1,15,0,1.0000,-1,7,0,0,0,7
44.98671,1,0,0,0,0,0,1,15,0,0.0000,-1,7,0,0,0,7
45.00754,1,0,0,0,0,0,1,15,0,0.0000,-1,7,0,0,0,7
45.02562,1,0,0,0,0,0,1,15,0,0.0000,-1,7,0,0,0,7
45.04498,1,0,0,0,0,0,1,15,0,0.0000,-1,7,0,0,0,7
45.08312,1,0,0,0,0,0,1,15,0,0.0000,-1,7,0,0,0,7
45.09529,1,0,0,0,0,0,1,15,0,0.0000,-1,7,0,0,0,7
45.10947,1,0,0,0,0,0,1,15,0,0.0000,-1,7,0,0,0,7
45.12987,1,0,0,0,0,0,1,15,0,0.0000,-1,7,0,0,0,7
45.1487,1,0,0,0,0,0,1,15,0,0.0000,-1,7,0,0,0,7
45.1685,1,0,0,0,0,0,1,15,0,0.0000,-1,7,0,0,0,7
45.18738,1,0,0,0,0,0,1,15,0,0.0000,-1,7,0,0,0,7
45.20889,1,0,0,0,0,0,1,15,0,0.0000,-1,7,0,0,0,7
45.22865,1,0,0,0,0,0,1,15,0,0.0000,-1,7,0,0,0,7
45.24639,1,0,0,0,0,0,1,15,0,0.0000,-1,7,0,0,0,7
45.2654,1,0,0,0,0,0,1,15,0,0.0000,-1,7,0,0,0,7
45.28605,1,0,0,0,0,0,1,15,0,0.0000,-1,7,0,0,0,7
45.30614,1,0,0,0,0,0,1,15,0,0.0000,-1,7,0,0,0,7
45.32527,1,0,0,0,0,0,1,15,0,0.0000,-1,7,0,0,0,7
45.34411,1,0,0,0,0,0,1,15,0,0.0000,-1,7,0,0,0,7
45.3651,1,0,0,0,0,0,1,15,0,0.0000,-1,7,0,0,0,7
45.3844,1,0,0,0,0,0,1,15,0,0.0000,-1,7,0,0,0,7
45.40473,1,0,0,0,0,0,0,-1,0,0.0000,15,8,0,0,0,8
45.42326,1,0,0,0,0,0,0,-1,0,0.0000,-1,8,0,0,0,8
45.44363,1,0,0,0,0,0,0,-1,0,0.0000,-1,8,0,0,0,8
45.46458,1,0,0,0,0,0,0,-1,0,0.0000,-1,8,0,0,0,8
45.49947,1,0,0,0,0,0,0,-1,0,0.0000,-1,8,0,0,0,8
45.51066,1,0,0,0,0,0,0,-1,0,0.0000,-1,8,0,0,0,8
45.52383,1,0,0,0,0,0,0,-1,0,0.0000,-1,8,0,0,0,8
45.54457,1,0,0,0,0,0,0,-1,0,0.0000,-1,8,0,0,0,8
45.56426,1,0,0,0,0,0,0,-1,0,0.0000,-1,8,0,0,0,8
45.58578,1,0,0,0,0,0,0,-1,0,0.0000,-1,8,0,0,0,8
45.60488,1,0,0,0,0,0,0,-1,0,0.0000,-1,8,0,0,0,8
45.62384,1,0,0,0,0,0,0,-1,0,0.0000,-1,8,0,0,0,8
45.64324,1,0,0,0,0,0,0,-1,0,0.0000,-1,8,0,0,0,8
45.66409,1,0,0,0,0,0,0,-1,0,0.0000,-1,8,0,0,0,8
45.68344,1,0,0,0,0,0,0,-1,0,0.0000,-1,8,0,0,0,8
45.70318,1,0,0,0,0,0,0,-1,0,0.0000,-1,8,0,0,0,8
45.72332,1,0,0,0,0,0,0,-1,0,0.0000,-1,8,0,0,0,8
45.74436,1,0,0,0,0,0,0,-1,0,0.0000,-1,8,0,0,0,8
45.76516,1,0,0,1,0,0,0,-1,0,0.0000,-1,8,0,0,0,8
45.78504,1,0,0,1,0,0,0,-1,0,0.0000,-1,8,0,0,0,8
45.80502,1,0,0,1,0,0,0,-1,0,0.0000,-1,8,0,0,0,8
45.82426,1,0,0,1,0,0,0,-1,0,0.0000,-1,8,0,0,0,8
45.84442,1,0,0,1,0,0,0,-1,0,0.0000,-1,8,0,0,0,8
45.86615,1,0,0,1,0,0,0,-1,0,0.0000,-1,8,0,0,0,8
45.88621,1,0,0,1,0,0,0,-1,0,0.0000,-1,8,0,0,0,8
45.92244,1,0,0,1,0,0,0,-1,0,0.0000,-1,8,0,0,0,8
45.93575,1,0,0,1,0,0,0,-1,0,0.0000,-1,8,0,0,0,8
45.94872,1,0,0,1,0,0,0,-1,0,0.0000,-1,8,0,0,0,8
45.96998,1,0,0,1,0,0,0,-1,0,0.0000,-1,8,0,0,0,8
45.99029,1,0,0,1,0,0,0,-1,0,0.0000,-1,8,0,0,0,8
46.01226,1,0,0,1,0,0,0,-1,0,0.0000,-1,8,0,0,0,8
46.03396,1,0,0,1,0,0,0,-1,0,0.0000,-1,8,0,0,0,8
46.05423,1,0,0,1,0,0,0,-1,0,0.0000,-1,8,0,0,0,8
46.07457,1,0,0,1,0,0,0,-1,0,0.0000,-1,8,0,0,0,8
46.0923,1,0,0,1,0,0,0,-1,0,0.0000,-1,8,0,0,0,8
46.11191,1,0,0,1,0,0,0,-1,0,0.0000,-1,8,0,0,0,8
46.13147,1,0,0,1,0,0,0,-1,0,0.0000,-1,8,0,0,0,8
46.15193,1,0,0,1,0,0,0,-1,0,0.0000,-1,8,0,0,0,8
46.17115,1,0,0,1,0,0,0,-1,0,0.0000,-1,8,0,0,0,8
46.19118,1,0,0,1,0,0,0,-1,0,0.0000,-1,8,0,0,0,8
46.20961,1,0,0,1,0,0,0,-1,0,0.0000,-1,8,0,0,0,8
46.23067,1,0,0,1,0,0,0,-1,0,0.0000,-1,8,0,0,0,8
46.24833,1,0,0,1,0,0,0,-1,0,0.0000,-1,8,0,0,0,8
46.26697,1,0,0,1,0,0,0,-1,0,0.0000,-1,8,0,0,0,8
46.28804,1,0,0,1,0,0,0,-1,0,0.0000,-1,8,0,0,0,8
46.30733,1,0,0,1,0,0,0,-1,0,0.0000,-1,8,0,0,0,8
46.32619,1,0,0,1,0,0,0,-1,0,0.0000,-1,8,0,0,0,8
46.34442,1,0,0,1,0,0,0,-1,0,0.0000,-1,8,0,0,0,8
46.3646,1,0,0,1,0,0,0,-1,0,0.0000,-1,8,0,0,0,8
46.3848,1,0,0,1,0,0,0,-1,0,0.0000,-1,8,0,0,0,8
46.40273,1,0,0,1,0,0,0,-1,0,0.0000,-1,8,0,0,0,8
46.42106,1,0,0,1,0,0,0,-1,0,0.0000,-1,8,0,0,0,8
46.44151,1,0,0,1,0,0,0,-1,0,0.0000,-1,8,0,0,0,8
46.46032,1,0,0,1,0,0,0,-1,0,0.0000,-1,8,0,0,0,8
46.48073,1,0,0,1,0,0,0,-1,0,0.0000,-1,8,0,0,0,8
46.49862,1,0,0,1,1,0,0,-1,0,0.0000,-1,8,0,0,0,8
46.53904,1,0,0,1,1,0,0,-1,0,0.0000,-1,8,0,0,0,8
46.56351,1,0,0,1,1,0,0,-1,0,0.0000,-1,8,0,0,0,8
46.57537,1,0,0,1,1,0,0,-1,0,0.0000,-1,8,0,0,0,8
46.59108,1,0,0,1,1,0,0,-1,0,0.0000,-1,8,0,0,0,8
46.60959,1,0,0,0,1,0,0,-1,0,0.0000,-1,8,0,0,0,8
46.63024,1,0,0,0,1,0,0,-1,0,0.0000,-1,8,0,0,0,8
46.65058,1,0,0,0,1,0,0,-1,0,0.0000,-1,8,0,0,0,8
46.66985,1,0,0,0,1,0,0,-1,0,0.0000,-1,8,0,0,0,8
46.69019,1,0,0,0,1,0,0,-1,0,0.0000,-1,8,0,0,0,8
46.7099,1,0,0,0,1,0,0,-1,0,0.0000,-1,8,0,0,0,8
46.73235,1,0,0,0,1,0,0,-1,0,0.0000,-1,8,0,0,0,8
46.77293,1,0,0,0,1,0,0,-1,0,0.0000,-1,8,0,0,0,8
46.79867,1,0,0,0,1,0,1,16,0,0.0000,-1,8,0,0,0,8
46.81118,1,0,0,0,1,0,1,16,0,0.0000,-1,8,0,0,0,8
46.82445,1,0,0,0,1,0,1,16,0,0.0000,-1,8,0,0,0,8
46.84593,1,0,0,0,1,0,1,16,0,0.0000,-1,8,0,0,0,8
46.86742,1,0,0,0,1,0,1,16,0,0.0000,-1,8,0,0,0,8
46.89017,1,0,0,0,1,0,1,16,0,0.0000,-1,8,0,0,0,8
46.91069,1,0,0,0,1,0,1,16,0,0.0000,-1,8,0,0,0,8
46.93302,1,0,0,0,1,0,1,16,0,0.0000,-1,8,0,0,0,8
46.95276,1,0,0,0,1,0,1,16,0,0.0000,-1,8,0,0,0,8
46.97368,1,0,0,0,1,0,1,16,0,0.0000,-1,8,0,0,0,8
46.99358,1,0,0,0,1,0,1,16,0,0.0000,-1,8,0,0,0,8
47.0151,1,0,0,0,1,0,1,16,0,0.0000,-1,8,0,0,0,8
47.03764,1,0,0,0,1,0,1,16,0,0.0000,-1,8,0,0,0,8
47.05899,1,0,0,0,1,0,1,16,0,0.0000,-1,8,0,0,0,8
47.07904,1,0,0,0,1,0,1,16,0,0.0000,-1,8,0,0,0,8
47.10132,1,0,0,0,0,0,1,16,0,0.0000,-1,8,0,0,0,8
47.12213,1,0,0,0,0,0,0,-1,0,0.0000,-1,8,0,0,0,8
47.14436,1,0,0,0,0,0,0,-1,0,0.0000,-1,8,0,0,0,8
47.16474,1,0,0,0,0,0,0,-1,0,0.0000,-1,8,0,0,0,8
47.1853,1,0,0,0,0,0,0,-1,0,0.0000,-1,8,0,0,0,8
47.22674,1,0,0,0,0,0,0,-1,0,0.0000,-1,8,0,0,0,8
47.23917,1,0,0,0,0,0,0,-1,0,0.0000,-1,8,0,0,0,8
47.25432,1,0,0,0,0,0,0,-1,0,0.0000,16,9,0,0,0,9
47.27669,1,0,0,0,0,0,0,-1,0,0.0000,-1,9,0,0,0,9
47.29684,1,0,0,0,0,0,0,-1,0,0.0000,-1,9,0,0,0,9
47.31924,1,0,0,0,0,0,0,-1,0,0.0000,-1,9,0,0,0,9
47.34097,1,0,0,0,0,0,0,-1,0,0.0000,-1,9,0,0,0,9
47.36103,1,0,0,0,0,0,0,-1,0,0.0000,-1,9,0,0,0,9
47.38206,1,0,0,0,0,0,0,-1,0,0.0000,-1,9,0,0,0,9
47.40409,1,0,0,0,0,0,0,-1,0,0.0000,-1,9,0,0,0,9
47.4479,1,0,0,0,0,0,0,-1,0,0.0000,-1,9,0,0,0,9
47.46189,1,0,0,0,0,0,0,-1,0,0.0000,-1,9,0,0,0,9
47.47797,1,0,0,0,0,0,0,-1,0,0.0000,-1,9,0,0,0,9
47.49876,1,0,0,0,0,0,0,-1,0,0.0000,-1,9,0,0,0,9
47.51796,1,0,0,0,0,0,0,-1,0,0.0000,-1,9,0,0,0,9
47.53968,1,0,0,0,0,0,0,-1,0,0.0000,-1,9,0,0,0,9
47.55956,1,0,0,0,0,0,0,-1,0,0.0000,18,10,0,0,0,10
47.58088,1,0,0,0,0,0,0,-1,0,0.0000,-1,10,0,0,0,10
47.60481,1,0,0,0,0,0,0,-1,0,0.0000,-1,10,0,0,0,10
47.64649,1,0,0,0,0,0,0,-1,0,0.0000,-1,10,0,0,0,10
47.6614,1,0,0,0,0,0,0,-1,0,0.0000,-1,10,0,0,0,10
47.6765,1,0,0,0,0,0,0,-1,0,0.0000,-1,10,0,0,0,10
47.69419,1,0,0,0,0,0,0,-1,0,0.0000,-1,10,0,0,0,10
47.71681,1,0,0,0,0,0,0,-1,0,0.0000,-1,10,0,0,0,10
47.73748,1,0,0,0,0,0,0,-1,0,0.0000,-1,10,0,0,0,10
47.75926,1,0,0,0,0,0,0,-1,0,0.0000,-1,10,0,0,0,10
47.78006,1,0,0,0,0,0,0,-1,0,0.0000,-1,10,0,0,0,10
47.80172,1,0,0,0,0,0,0,-1,0,0.0000,-1,10,0,0,0,10
47.82317,1,0,0,0,0,0,0,-1,0,0.0000,-1,10,0,0,0,10
47.84247,1,0,0,0,0,0,0,-1,0,0.0000,-1,10,0,0,0,10
47.87054,1,0,0,0,0,0,0,-1,0,0.0000,-1,10,0,0,0,10
47.8919,1,0,0,0,0,0,0,-1,0,0.0000,-1,10,0,0,0,10
47.91396,1,0,0,0,0,0,0,-1,0,0.0000,-1,10,0,0,0,10
47.93481,1,0,0,0,0,0,0,-1,0,0.0000,-1,10,0,0,0,10
47.95474,1,0,0,0,0,0,0,-1,0,0.0000,-1,10,0,0,0,10
47.97679,1,0,0,0,0,0,0,-1,0,0.0000,-1,10,0,0,0,10
47.99785,1,0,0,0,0,0,0,-1,0,0.0000,-1,10,0,0,0,10
48.01987,1,0,0,0,0,0,0,-1,0,0.0000,-1,10,0,0,0,10
48.04198,1,0,0,0,0,0,0,-1,0,0.0000,-1,10,0,0,0,10
48.0631,1,0,0,0,0,0,0,-1,0,0.0000,-1,10,0,0,0,10
48.08614,1,0,0,0,0,0,0,-1,0,0.0000,-1,10,0,0,0,10
48.10792,1,0,0,0,0,0,0,-1,0,0.0000,-1,10,0,0,0,10
48.127,1,0,0,0,0,0,0,-1,0,0.0000,-1,10,0,0,0,10
48.14722,1,0,0,0,0,0,0,-1,0,0.0000,-1,10,0,0,0,10
48.16797,1,0,0,0,0,0,0,-1,0,0.0000,-1,10,0,0,0,10
48.1899,1,0,0,0,0,0,0,-1,0,0.0000,-1,10,0,0,0,10
48.21168,1,0,0,0,0,0,0,-1,0,0.0000,-1,10,0,0,0,10
48.23334,1,0,0,0,0,0,0,-1,0,0.0000,-1,10,0,0,0,10
48.25547,1,0,0,0,0,0,0,-1,0,0.0000,-1,10,0,0,0,10
48.2754,1,0,0,0,0,0,0,-1,0,0.0000,-1,10,0,0,0,10
48.29666,1,0,0,0,0,0,0,-1,0,0.0000,-1,10,0,0,0,10
48.31577,1,0,0,0,0,0,0,-1,0,0.0000,-1,10,0,0,0,10
48.33746,1,0,0,0,0,0,0,-1,0,0.0000,-1,10,0,0,0,10
48.35745,1,0,0,0,0,0,0,-1,0,0.0000,-1,10,0,0,0,10
48.37988,1,0,0,0,0,0,0,-1,0,0.0000,-1,10,0,0,0,10
48.40102,1,0,0,0,0,0,0,-1,0,0.0000,-1,10,0,0,0,10
48.42165,1,0,0,0,0,0,0,-1,0,0.0000,-1,10,0,0,0,10
48.44386,1,0,0,0,0,0,0,-1,0,0.0000,-1,10,0,0,0,10
48.46346,1,0,0,0,0,0,0,-1,0,0.0000,-1,10,0,0,0,10
48.50341,1,0,0,0,0,0,0,-1,1,1.0000,-1,10,0,0,0,10
48.51639,1,0,0,0,0,0,0,-1,0,1.0000,-1,10,0,0,0,10
48.52997,1,0,0,0,0,0,0,-1,0,1.0000,-1,10,0,0,0,10
48.55133,1,0,0,0,0,0,0,-1,0,1.0000,-1,10,0,0,0,10
48.57197,1,0,0,0,0,0,0,-1,0,1.0000,-1,10,0,0,0,10
48.59321,1,0,0,0,0,0,0,-1,0,1.0000,-1,10,0,0,0,10
48.61327,1,0,0,0,0,0,0,-1,0,1.0000,-1,10,0,0,0,10
48.6334,1,0,0,0,0,0,0,-1,0,1.0000,-1,10,0,0,0,10
48.65633,1,0,0,0,0,0,0,-1,0,1.0000,-1,10,0,0,0,10
48.67668,1,0,0,0,0,0,0,-1,0,1.0000,-1,10,0,0,0,10
48.71437,1,0,0,0,0,0,0,-1,0,1.0000,-1,10,0,0,0,10
48.72632,1,0,0,0,0,0,1,20,0,1.0000,-1,10,0,0,0,10
48.74107,1,0,0,0,0,0,1,20,0,1.0000,-1,10,0,0,0,10
48.76223,1,0,0,0,0,0,1,20,0,1.0000,-1,10,0,0,0,10
48.78216,1,0,0,0,0,0,1,20,0,1.0000,-1,10,0,0,0,10
48.8045,1,0,0,0,0,0,1,20,0,1.0000,-1,10,0,0,0,10
48.82712,1,0,0,0,0,0,1,20,0,1.0000,-1,10,0,0,0,10
48.84923,1,0,0,0,0,0,1,20,0,1.0000,-1,10,0,0,0,10
48.87084,1,0,0,0,0,0,1,20,0,1.0000,-1,10,0,0,0,10
48.89396,1,0,0,0,0,0,1,20,0,1.0000,-1,10,0,0,0,10
48.9179,1,0,0,0,0,0,1,19,0,1.0000,20,11,0,0,0,11
48.94005,1,0,0,0,0,0,1,19,0,1.0000,-1,11,0,0,0,11
48.96435,1,0,0,0,0,0,1,19,0,1.0000,-1,11,0,0,0,11
48.98642,1,0,0,0,0,0,1,19,0,1.0000,-1,11,0,0,0,11
49.00451,1,0,0,0,0,0,1,19,0,1.0000,-1,11,0,0,0,11
49.02547,1,0,0,0,0,0,1,19,0,1.0000,-1,11,0,0,0,11
49.04785,1,0,0,0,0,0,1,19,0,1.0000,-1,11,0,0,0,11
49.06924,1,0,0,0,0,0,1,19,0,1.0000,-1,11,0,0,0,11
49.08984,1,0,0,0,0,0,1,19,0,1.0000,-1,11,0,0,0,11
49.11227,1,0,0,0,0,0,1,19,0,1.0000,-1,11,0,0,0,11
49.15166,1,0,0,0,0,0,1,19,0,1.0000,-1,11,0,0,0,11
49.16465,1,0,0,0,0,0,1,19,0,1.0000,-1,11,0,0,0,11
49.18248,1,0,0,0,0,0,1,19,0,1.0000,-1,11,0,0,0,11
49.20249,1,0,0,0,0,0,1,19,0,1.0000,-1,11,0,0,0,11
49.22476,1,0,0,0,0,0,1,19,0,1.0000,-1,11,0,0,0,11
49.24771,1,0,0,0,0,0,1,19,0,1.0000,-1,11,0,0,0,11
49.26711,1,0,0,0,0,0,1,19,0,1.0000,-1,11,0,0,0,11
49.28711,1,0,0,0,0,0,1,19,0,1.0000,-1,11,0,0,0,11
49.30925,1,0,0,0,0,0,1,19,0,1.0000,-1,11,0,0,0,11
49.32943,1,0,0,0,0,0,1,19,0,1.0000,-1,11,0,0,0,11
49.35195,1,0,0,0,0,0,1,19,0,1.0000,-1,11,0,0,0,11
49.37069,1,0,0,0,0,0,1,19,0,1.0000,-1,11,0,0,0,11
49.39221,1,0,0,0,0,0,1,19,0,1.0000,-1,11,0,0,0,11
49.41572,1,0,0,0,0,0,1,19,0,1.0000,-1,11,0,0,0,11
49.4357,1,0,0,0,0,0,1,19,0,1.0000,-1,11,0,0,0,11
49.45729,1,0,0,0,0,0,1,19,0,1.0000,-1,11,0,0,0,11
49.478,1,0,0,0,0,0,1,19,0,1.0000,-1,11,0,0,0,11
49.4991,1,0,0,0,0,0,1,19,0,1.0000,-1,11,0,0,0,11
49.52153,1,0,0,0,0,0,1,19,0,0.0000,-1,11,0,0,0,11
49.54078,1,0,0,0,0,0,1,19,0,0.0000,-1,11,0,0,0,11
49.58125,1,0,0,0,0,0,1,19,0,0.0000,-1,11,0,0,0,11
49.59385,1,0,0,0,0,0,1,19,0,0.0000,-1,11,0,0,0,11
49.60881,1,0,0,0,0,0,1,19,0,0.0000,-1,11,0,0,0,11
49.63021,1,0,0,0,0,0,1,19,0,0.0000,-1,11,0,0,0,11
49.65094,1,0,0,0,0,0,1,19,0,0.0000,-1,11,0,0,0,11
49.67277,1,0,0,0,0,0,0,-1,0,0.0000,19,12,0,0,0,12
49.69508,1,0,0,0,0,0,0,-1,0,0.0000,-1,12,0,0,0,12
49.71408,1,0,0,0,0,0,0,-1,0,0.0000,-1,12,0,0,0,12
49.73748,1,0,0,0,0,0,0,-1,0,0.0000,-1,12,0,0,0,12
49.75712,1,0,0,0,0,0,0,-1,0,0.0000,-1,12,0,0,0,12
49.79804,1,0,0,0,0,0,0,-1,0,0.0000,-1,12,0,0,0,12
49.81052,1,0,0,0,0,0,0,-1,0,0.0000,-1,12,0,0,0,12
49.82602,1,0,0,0,0,0,0,-1,0,0.0000,-1,12,0,0,0,12
49.84877,1,0,0,0,0,0,0,-1,0,0.0000,-1,12,0,0,0,12
49.87041,1,0,0,0,0,0,0,-1,0,0.0000,-1,12,0,0,0,12
49.89162,1,0,0,0,0,0,0,-1,0,0.0000,-1,12,0,0,0,12
49.91246,1,0,0,0,0,0,0,-1,0,0.0000,-1,12,0,0,0,12
49.93414,1,0,0,0,0,0,0,-1,0,0.0000,-1,12,0,0,0,12
49.9558,1,0,0,0,0,0,0,-1,0,0.0000,-1,12,0,0,0,12
49.97687,1,0,0,0,0,0,0,-1,0,0.0000,-1,12,0,0,0,12
49.99915,1,0,0,0,0,0,0,-1,0,0.0000,-1,12,0,0,0,12
50.02025,1,0,0,0,0,0,0,-1,0,0.0000,-1,12,0,0,0,12
50.04127,1,0,0,0,0,0,0,-1,0,0.0000,-1,12,0,0,0,12
50.06269,1,0,0,0,0,0,0,-1,0,0.0000,-1,12,0,0,0,12
50.08522,1,0,0,0,0,0,0,-1,0,0.0000,-1,12,0,0,0,12
50.10693,1,0,0,0,0,0,0,-1,0,0.0000,-1,12,0,0,0,12
50.12895,1,0,0,0,0,0,0,-1,0,0.0000,-1,12,0,0,0,12
50.15005,1,0,0,0,0,0,0,-1,0,0.0000,-1,12,0,0,0,12
50.1729,1,0,0,0,0,0,0,-1,0,0.0000,-1,12,0,0,0,12
50.19371,1,0,0,0,0,0,0,-1,0,0.0000,-1,12,0,0,0,12
50.23494,1,0,0,0,0,0,0,-1,0,0.0000,-1,12,0,0,0,12
50.2476,1,0,0,0,0,0,1,22,0,0.0000,-1,12,0,0,0,12
50.26236,1,0,0,0,0,0,1,22,0,0.0000,-1,12,0,0,0,12
50.28605,1,0,0,0,0,0,1,22,0,0.0000,-1,12,0,0,0,12
50.30626,1,0,0,0,0,0,1,22,0,0.0000,-1,12,0,0,0,12
50.32862,1,0,0,0,0,0,1,22,0,0.0000,-1,12,0,0,0,12
50.34908,1,0,0,0,0,0,1,22,0,0.0000,-1,12,0,0,0,12
50.37042,1,0,0,0,0,0,1,22,0,0.0000,-1,12,0,0,0,12
50.39351,1,0,0,0,0,0,1,22,0,0.0000,-1,12,0,0,0,12
50.41404,1,0,0,0,0,0,1,22,0,0.0000,-1,12,0,0,0,12
50.43692,1,0,0,0,0,0,1,22,0,0.0000,-1,12,0,0,0,12
50.45889,1,0,0,0,0,0,1,22,0,0.0000,-1,12,0,0,0,12
50.48344,1,0,0,0,0,0,1,22,0,0.0000,-1,12,0,0,0,12
50.50624,1,0,0,0,0,0,1,22,0,0.0000,-1,12,0,0,0,12
50.5274,1,0,0,0,0,0,1,22,0,0.0000,-1,12,0,0,0,12
50.54922,1,0,0,0,0,0,1,22,0,0.0000,-1,12,0,0,0,12
50.57091,1,0,0,0,0,0,1,22,0,0.0000,-1,12,0,0,0,12
50.5934,1,0,0,0,0,0,1,22,0,0.0000,-1,12,0,0,0,12
50.61535,1,0,0,0,0,0,1,22,0,0.0000,-1,12,0,0,0,12
50.63686,1,0,0,0,0,0,1,22,0,0.0000,-1,12,0,0,0,12
50.65917,1,0,0,0,0,0,1,22,0,0.0000,-1,12,0,0,0,12
50.68138,1,0,0,0,0,0,1,22,0,0.0000,-1,12,0,0,0,12
50.70318,1,0,0,0,0,0,1,22,0,0.0000,-1,12,0,0,0,12
50.72568,1,0,0,0,0,0,1,22,0,0.0000,-1,12,0,0,0,12
50.74996,1,0,0,0,0,0,1,22,0,0.0000,-1,12,0,0,0,12
50.77242,1,0,0,0,0,0,1,22,0,0.0000,-1,12,0,0,0,12
50.79588,1,0,0,0,0,0,1,22,0,0.0000,-1,12,0,0,0,12
50.81855,1,0,0,0,0,0,1,22,0,0.0000,-1,12,0,0,0,12
50.84163,1,0,0,0,0,0,1,22,0,0.0000,-1,12,0,0,0,12
50.8643,1,0,0,0,0,0,1,22,0,0.0000,-1,12,0,0,0,12
50.88784,1,0,0,0,0,0,1,22,0,0.0000,-1,12,0,0,0,12
50.91048,1,0,0,0,0,0,1,22,0,0.0000,-1,12,0,0,0,12
50.93261,1,0,0,0,0,0,1,22,0,0.0000,-1,12,0,0,0,12
50.9552,1,0,0,0,0,0,1,22,0,0.0000,-1,12,0,0,0,12
50.97845,1,0,0,0,0,0,1,22,0,0.0000,-1,12,0,0,0,12
51.00133,1,0,0,0,0,0,1,22,0,0.0000,-1,12,0,0,0,12
51.02407,1,0,0,0,0,0,0,-1,0,0.0000,22,13,0,0,0,13
51.04711,1,0,0,0,0,0,0,-1,0,0.0000,-1,13,0,0,0,13
51.06931,1,0,0,0,0,0,0,-1,0,0.0000,-1,13,0,0,0,13
51.09139,1,0,0,0,0,0,0,-1,0,0.0000,-1,13,0,0,0,13
51.11274,1,0,0,0,0,0,0,-1,0,0.0000,-1,13,0,0,0,13
51.13506,1,0,0,0,0,0,0,-1,0,0.0000,-1,13,0,0,0,13
51.15764,1,0,0,0,0,0,0,-1,0,0.0000,-1,13,0,0,0,13
51.1793,1,0,0,0,0,0,0,-1,0,0.0000,-1,13,0,0,0,13
51.20208,1,0,0,0,0,0,0,-1,0,0.0000,-1,13,0,0,0,13
51.22566,1,0,0,0,0,0,0,-1,0,0.0000,-1,13,0,0,0,13
51.26741,1,0,0,0,0,0,0,-1,0,0.0000,-1,13,0,0,0,13
51.28035,1,0,0,0,0,0,0,-1,0,0.0000,-1,13,0,0,0,13
51.29457,1,0,0,0,0,0,0,-1,0,0.0000,-1,13,0,0,0,13
51.31563,1,0,0,0,0,0,0,-1,0,0.0000,-1,13,0,0,0,13
51.33724,1,0,0,0,0,0,0,-1,0,0.0000,-1,13,0,0,0,13
51.35904,1,0,0,0,0,0,0,-1,0,0.0000,-1,13,0,0,0,13
51.381,1,0,0,0,0,0,0,-1,0,0.0000,-1,13,0,0,0,13
51.40228,1,0,0,0,0,0,0,-1,0,0.0000,-1,13,0,0,0,13
51.4241,1,0,0,0,0,0,0,-1,0,0.0000,-1,13,0,0,0,13
51.4465,1,0,0,0,0,0,0,-1,0,0.0000,-1,13,0,0,0,13
51.4888,1,0,0,0,0,0,0,-1,0,0.0000,-1,13,0,0,0,13
51.50143,1,0,0,0,0,0,0,-1,0,0.0000,-1,13,0,0,0,13
51.51531,1,0,0,0,0,0,0,-1,0,0.0000,-1,13,0,0,0,13
51.53762,1,0,0,0,0,0,0,-1,0,0.0000,-1,13,0,0,0,13
51.55931,1,0,0,0,0,0,0,-1,0,0.0000,-1,13,0,0,0,13
51.58102,1,0,0,0,0,0,0,-1,0,0.0000,-1,13,0,0,0,13
51.60284,1,0,0,0,0,0,0,-1,0,0.0000,-1,13,0,0,0,13
51.62481,1,0,0,0,0,0,0,-1,0,0.0000,-1,13,0,0,0,13
51.64605,1,0,0,0,0,0,0,-1,0,0.0000,-1,13,0,0,0,13
51.66899,1,0,0,0,0,0,0,-1,1,1.0000,-1,13,0,0,0,13
51.69017,1,0,0,0,0,0,0,-1,0,1.0000,-1,13,0,0,0,13
51.71122,1,0,0,0,0,0,0,-1,0,1.0000,-1,13,0,0,0,13
51.73505,1,0,0,0,0,0,0,-1,0,1.0000,-1,13,0,0,0,13
51.75797,1,0,0,0,0,0,0,-1,0,1.0000,-1,13,0,0,0,13
51.78033,1,0,0,0,0,0,0,-1,0,1.0000,-1,13,0,0,0,13
51.8042,1,0,0,0,0,0,0,-1,0,1.0000,-1,13,0,0,0,13
51.8259,1,0,0,0,0,0,0,-1,0,1.0000,-1,13,0,0,0,13
51.84773,1,0,0,0,0,0,0,-1,0,1.0000,-1,13,0,0,0,13
51.86861,1,0,0,0,0,0,0,-1,0,1.0000,-1,13,0,0,0,13
51.89045,1,0,0,0,0,0,0,-1,0,1.0000,-1,13,0,0,0,13
51.93275,1,0,0,0,0,0,0,-1,0,1.0000,-1,13,0,0,0,13
51.94562,1,0,0,0,0,0,1,26,0,1.0000,-1,13,0,0,0,13
51.961,1,0,0,0,0,0,1,26,0,1.0000,-1,13,0,0,0,13
51.98416,1,0,0,0,0,0,1,26,0,1.0000,-1,13,0,0,0,13
52.00696,1,0,0,0,0,0,1,26,0,1.0000,-1,13,0,0,0,13
52.02781,1,0,0,0,0,0,1,26,0,1.0000,-1,13,0,0,0,13
52.04939,1,0,0,0,0,0,1,26,0,1.0000,-1,13,0,0,0,13
52.07215,1,0,0,0,0,0,1,26,0,1.0000,-1,13,0,0,0,13
52.09529,1,0,0,0,0,0,1,26,0,1.0000,-1,13,0,0,0,13
52.11815,1,0,0,0,0,0,1,26,0,1.0000,-1,13,0,0,0,13
52.14076,1,0,0,0,0,0,1,26,0,1.0000,-1,13,0,0,0,13
52.16447,1,0,0,0,0,0,1,26,0,1.0000,-1,13,0,0,0,13
52.18769,1,0,0,1,0,0,1,26,0,1.0000,-1,13,0,0,0,13
52.21028,1,0,0,1,0,0,1,26,0,1.0000,-1,13,0,0,0,13
52.23121,1,0,0,1,0,0,1,26,0,1.0000,-1,13,0,0,0,13
52.25276,1,0,0,1,0,0,1,26,0,1.0000,-1,13,0,0,0,13
52.27549,1,0,0,1,0,0,1,26,0,1.0000,-1,13,0,0,0,13
52.29781,1,0,0,1,0,0,1,26,0,1.0000,-1,13,0,0,0,13
52.33996,1,0,0,1,0,0,1,26,0,1.0000,-1,13,0,0,0,13
52.35252,1,0,0,1,0,0,1,26,0,1.0000,-1,13,0,0,0,13
52.36998,1,0,0,1,0,0,1,26,0,1.0000,-1,13,0,0,0,13
52.39236,1,0,0,1,0,0,1,26,0,1.0000,-1,13,0,0,0,13
52.4144,1,0,0,1,0,0,1,26,0,1.0000,-1,13,0,0,0,13
52.43695,1,0,0,1,0,0,0,-1,0,1.0000,26,14,0,0,0,14
52.45913,1,0,0,1,0,0,0,-1,0,1.0000,-1,14,0,0,0,14
52.48148,1,0,0,1,0,0,0,-1,0,1.0000,-1,14,0,0,0,14
52.50478,1,0,0,1,0,0,0,-1,0,1.0000,-1,14,0,0,0,14
52.54616,1,0,0,1,0,0,0,-1,0,1.0000,-1,14,0,0,0,14
52.55854,1,0,0,1,0,0,0,-1,0,1.0000,-1,14,0,0,0,14
52.57466,1,0,0,1,0,0,0,-1,0,1.0000,-1,14,0,0,0,14
52.5976,1,0,0,1,0,0,0,-1,0,1.0000,-1,14,0,0,0,14
52.61925,1,0,0,1,0,0,0,-1,0,1.0000,-1,14,0,0,0,14
52.64191,1,0,0,1,0,0,0,-1,0,1.0000,-1,14,0,0,0,14
52.66502,1,0,0,1,0,0,0,-1,0,1.0000,-1,14,0,0,0,14
52.68707,1,0,0,1,0,0,0,-1,0,0.0000,-1,14,0,0,0,14
52.70913,1,0,0,1,0,0,0,-1,0,0.0000,-1,14,0,0,0,14
52.73214,1,0,0,1,0,0,0,-1,0,0.0000,-1,14,0,0,0,14
52.7543,1,0,0,1,0,0,0,-1,0,0.0000,-1,14,0,0,0,14
52.77732,1,0,0,1,0,0,0,-1,0,0.0000,-1,14,0,0,0,14
52.79784,1,0,0,1,0,0,0,-1,0,0.0000,-1,14,0,0,0,14
52.82056,1,0,0,1,0,0,0,-1,0,0.0000,-1,14,0,0,0,14
52.8421,1,0,0,1,0,0,0,-1,0,0.0000,-1,14,0,0,0,14
52.86356,1,0,0,1,0,0,0,-1,0,0.0000,-1,14,0,0,0,14
52.89228,1,0,0,1,0,0,0,-1,0,0.0000,-1,14,0,0,0,14
52.91381,1,0,0,1,1,0,0,-1,0,0.0000,-1,14,0,0,0,14
52.93668,1,0,0,1,1,0,0,-1,0,0.0000,-1,14,0,0,0,14
52.95881,1,0,0,1,1,0,0,-1,0,0.0000,-1,14,0,0,0,14
52.97961,1,0,0,1,1,0,0,-1,0,0.0000,-1,14,0,0,0,14
53.00131,1,0,0,1,1,0,0,-1,0,0.0000,-1,14,0,0,0,14
53.02271,1,0,0,1,1,0,0,-1,1,1.0000,-1,14,0,0,0,14
53.04504,1,0,0,1,1,0,0,-1,0,1.0000,-1,14,0,0,0,14
53.06562,1,0,0,1,1,0,0,-1,0,1.0000,-1,14,0,0,0,14
53.08714,1,0,0,1,1,0,0,-1,0,1.0000,-1,14,0,0,0,14
53.10925,1,0,0,1,1,0,0,-1,0,1.0000,-1,14,0,0,0,14
53.13061,1,0,0,1,1,0,0,-1,0,1.0000,-1,14,0,0,0,14
53.15328,1,0,0,1,1,0,0,-1,1,2.0000,-1,14,0,0,0,14
53.17382,1,0,0,1,1,0,0,-1,0,2.0000,-1,14,0,0,0,14
53.19485,1,0,0,1,1,0,1,27,0,2.0000,-1,14,0,0,0,14
53.21622,1,0,0,1,1,0,1,27,0,2.0000,-1,14,0,0,0,14
53.23871,1,0,0,1,1,0,1,27,0,2.0000,-1,14,0,0,0,14
53.25963,1,0,0,1,1,0,1,27,0,2.0000,-1,14,0,0,0,14
53.2826,1,0,0,1,1,0,1,27,0,2.0000,-1,14,0,0,0,14
53.30515,1,0,0,1,1,0,1,27,0,2.0000,-1,14,0,0,0,14
53.32607,1,0,0,1,1,0,1,27,0,2.0000,-1,14,0,0,0,14
53.34679,1,0,0,1,1,0,1,27,0,2.0000,-1,14,0,0,0,14
53.36882,1,0,0,1,1,0,1,27,0,2.0000,-1,14,0,0,0,14
53.39053,1,0,0,1,1,0,1,27,0,2.0000,-1,14,0,0,0,14
53.41091,1,0,0,1,1,0,1,27,0,2.0000,-1,14,0,0,0,14
53.43313,1,0,0,1,1,0,0,-1,0,2.0000,27,15,0,0,0,15
53.45412,1,0,0,1,1,0,0,-1,0,2.0000,-1,15,0,0,0,15
53.4752,1,0,0,1,1,0,0,-1,0,2.0000,-1,15,0,0,0,15
53.49888,1,0,0,1,1,0,0,-1,0,2.0000,-1,15,0,0,0,15
53.51929,1,0,0,1,0,0,0,-1,0,2.0000,-1,15,0,0,0,15
53.54173,1,0,0,1,0,0,0,-1,0,2.0000,-1,15,0,0,0,15
53.56328,1,0,0,1,0,0,0,-1,0,2.0000,-1,15,0,0,0,15
53.60575,1,0,0,1,0,0,0,-1,0,2.0000,-1,15,0,0,0,15
53.61845,1,0,0,1,0,0,0,-1,0,2.0000,-1,15,0,0,0,15
53.63384,1,0,0,1,0,0,0,-1,0,2.0000,-1,15,0,0,0,15
53.65679,1,0,0,1,0,0,0,-1,0,2.0000,-1,15,0,0,0,15
53.67891,1,0,0,1,0,0,0,-1,0,2.0000,-1,15,0,0,0,15
53.70144,1,0,0,1,0,0,0,-1,0,2.0000,-1,15,0,0,0,15
53.72309,1,0,0,1,0,0,0,-1,0,2.0000,-1,15,0,0,0,15
53.74544,1,0,0,1,0,0,0,-1,0,2.0000,-1,15,0,0,0,15
53.76749,1,0,0,1,0,0,0,-1,0,2.0000,-1,15,0,0,0,15
53.78941,1,0,0,1,0,0,0,-1,0,2.0000,-1,15,0,0,0,15
53.81426,1,0,0,1,0,0,0,-1,0,2.0000,-1,15,0,0,0,15
53.83749,1,0,0,1,0,0,0,-1,0,2.0000,-1,15,0,0,0,15
53.8595,1,0,0,1,0,0,0,-1,0,2.0000,-1,15,0,0,0,15
53.88364,1,0,0,1,0,0,0,-1,0,2.0000,-1,15,0,0,0,15
53.90665,1,0,0,1,0,0,0,-1,0,2.0000,-1,15,0,0,0,15
53.93068,1,0,0,1,0,0,0,-1,0,2.0000,-1,15,0,0,0,15
53.95378,1,0,0,1,0,0,0,-1,0,2.0000,-1,15,0,0,0,15
53.97779,1,0,0,1,0,0,0,-1,0,2.0000,-1,15,0,0,0,15
54.00452,1,0,0,0,0,0,0,-1,0,2.0000,29,16,0,0,0,16
54.02693,1,0,0,0,0,0,0,-1,0,1.0000,-1,16,0,0,0,16
54.05267,1,0,0,0,0,0,0,-1,0,1.0000,-1,16,0,0,0,16
54.07599,1,0,0,0,0,0,0,-1,0,1.0000,-1,16,0,0,0,16
54.09954,1,0,0,0,0,0,0,-1,0,1.0000,-1,16,0,0,0,16
54.12273,1,0,0,0,0,0,0,-1,0,1.0000,-1,16,0,0,0,16
54.14561,1,0,0,0,0,0,0,-1,0,1.0000,-1,16,0,0,0,16
54.16856,1,0,0,0,0,0,0,-1,0,0.0000,-1,16,0,0,0,16
54.19224,1,0,0,0,0,0,0,-1,0,0.0000,-1,16,0,0,0,16
54.23589,1,0,0,0,0,0,0,-1,0,0.0000,-1,16,0,0,0,16
54.2509,1,0,0,0,0,0,1,30,0,0.0000,-1,16,0,0,0,16
54.26573,1,0,0,0,0,0,1,30,0,0.0000,-1,16,0,0,0,16
54.28755,1,0,0,0,0,0,1,30,0,0.0000,-1,16,0,0,0,16
54.31295,1,0,0,0,0,0,1,30,0,0.0000,-1,16,0,0,0,16
54.33684,1,0,0,0,0,0,1,30,0,0.0000,-1,16,0,0,0,16
54.36304,1,0,0,0,0,0,1,30,0,0.0000,-1,16,0,0,0,16
54.38946,1,0,0,0,0,0,1,30,0,0.0000,-1,16,0,0,0,16
54.41291,1,0,0,0,0,0,1,30,0,0.0000,-1,16,0,0,0,16
54.43897,1,0,0,0,0,0,1,30,0,0.0000,-1,16,0,0,0,16
54.46357,1,0,0,0,0,0,1,30,0,0.0000,-1,16,0,0,0,16
54.48828,1,0,0,0,0,0,1,30,0,0.0000,-1,16,0,0,0,16
54.51285,1,0,0,0,0,0,1,30,0,0.0000,-1,16,0,0,0,16
54.53756,1,0,0,0,0,0,1,30,0,0.0000,-1,16,0,0,0,16
54.5602,1,0,0,0,0,0,1,30,0,0.0000,-1,16,0,0,0,16
54.58316,1,0,0,0,0,0,1,30,0,0.0000,-1,16,0,0,0,16
54.60559,1,0,0,0,0,0,1,30,0,0.0000,-1,16,0,0,0,16
54.62604,1,0,0,0,0,0,1,30,0,0.0000,-1,16,0,0,0,16
54.66754,1,0,0,0,0,0,1,30,0,0.0000,-1,16,0,0,0,16
54.68154,1,0,0,0,0,0,1,30,0,0.0000,-1,16,0,0,0,16
54.69744,1,0,0,0,0,0,1,30,0,0.0000,-1,16,0,0,0,16
54.71806,1,0,0,0,0,0,1,30,0,0.0000,-1,16,0,0,0,16
54.74097,1,0,0,0,0,0,1,30,0,0.0000,-1,16,0,0,0,16
54.76278,1,0,0,0,0,0,1,30,0,0.0000,-1,16,0,0,0,16
54.78629,1,0,0,0,0,0,1,30,0,0.0000,-1,16,0,0,0,16
54.80721,1,0,0,0,0,0,1,30,0,0.0000,-1,16,0,0,0,16
54.83034,1,0,0,0,0,0,1,30,0,0.0000,-1,16,0,0,0,16
54.85122,1,0,0,0,0,0,1,30,0,0.0000,-1,16,0,0,0,16
54.87444,1,0,0,0,0,0,1,30,0,0.0000,-1,16,0,0,0,16
54.8956,1,0,0,0,0,0,1,30,0,0.0000,-1,16,0,0,0,16
54.91817,1,0,0,0,0,0,1,30,0,0.0000,-1,16,0,0,0,16
54.9395,1,0,0,0,0,0,1,30,0,0.0000,-1,16,0,0,0,16
54.96221,1,0,0,0,0,0,1,32,0,0.0000,30,17,0,0,0,17
54.98485,1,0,0,0,0,0,1,32,0,0.0000,-1,17,0,0,0,17
55.00557,1,0,0,0,0,0,1,32,0,0.0000,-1,17,0,0,0,17
55.02911,1,0,0,0,0,0,1,32,0,0.0000,-1,17,0,0,0,17
55.05218,1,0,0,0,0,0,1,32,0,0.0000,-1,17,0,0,0,17
55.09202,1,0,0,0,0,0,1,32,0,0.0000,-1,17,0,0,0,17
55.10665,1,0,0,0,0,0,1,32,1,1.0000,-1,17,0,0,0,17
55.1246,1,0,0,0,0,0,0,-1,0,1.0000,-1,17,0,0,0,17
55.14492,1,0,0,0,0,0,0,-1,0,1.0000,-1,17,0,0,0,17
55.16829,1,0,0,0,0,0,0,-1,0,1.0000,-1,17,0,0,0,17
55.19128,1,0,0,0,0,0,0,-1,0,1.0000,-1,17,0,0,0,17
55.21285,1,0,0,0,0,0,0,-1,0,1.0000,-1,17,0,0,0,17
55.23489,1,0,0,0,0,0,0,-1,0,1.0000,-1,17,0,0,0,17
55.2576,1,0,0,0,0,0,1,31,0,1.0000,-1,17,0,0,0,17
55.29756,1,0,0,0,0,0,1,31,0,1.0000,-1,17,0,0,0,17
55.31115,1,0,0,0,0,0,1,31,0,1.0000,-1,17,0,0,0,17
55.32429,1,0,0,0,0,0,1,31,0,1.0000,-1,17,0,0,0,17
55.3464,1,0,0,0,0,0,1,31,0,1.0000,-1,17,0,0,0,17
55.36892,1,0,0,0,0,0,1,31,0,1.0000,-1,17,0,0,0,17
55.38997,1,0,0,0,0,0,1,31,0,1.0000,-1,17,0,0,0,17
55.41087,1,0,0,0,0,0,1,31,0,1.0000,-1,17,0,0,0,17
55.4332,1,0,0,0,0,0,1,31,0,1.0000,-1,17,0,0,0,17
55.453,1,0,0,0,0,0,1,31,0,1.0000,-1,17,0,0,0,17
55.47559,1,0,0,0,0,0,1,31,0,1.0000,-1,17,0,0,0,17
55.49594,1,0,0,0,0,0,1,31,0,1.0000,-1,17,0,0,0,17
55.51593,1,0,0,0,0,0,1,31,0,1.0000,-1,17,0,0,0,17
55.53783,1,0,0,0,0,0,1,31,0,1.0000,-1,17,0,0,0,17
55.5591,1,0,0,0,0,0,1,31,0,1.0000,-1,17,0,0,0,17
55.58021,1,0,0,0,0,0,1,31,0,1.0000,-1,17,0,0,0,17
55.60361,1,0,0,0,0,0,1,31,0,1.0000,-1,17,0,0,0,17
55.62478,1,0,0,0,0,0,1,31,0,1.0000,-1,17,0,0,0,17
55.64621,1,0,0,0,0,0,1,31,0,1.0000,-1,17,0,0,0,17
55.66765,1,0,0,0,0,0,1,31,0,1.0000,-1,17,0,0,0,17
55.68946,1,0,0,0,0,0,1,31,0,1.0000,-1,17,0,0,0,17
55.71117,1,0,0,0,0,0,1,31,0,1.0000,-1,17,0,0,0,17
55.7318,1,0,0,0,0,0,0,-1,0,1.0000,31,18,0,0,0,18
55.75453,1,0,0,0,0,0,0,-1,0,1.0000,-1,18,0,0,0,18
55.77529,1,0,0,0,0,0,0,-1,0,1.0000,-1,18,0,0,0,18
55.79576,1,0,0,0,0,0,0,-1,0,1.0000,-1,18,0,0,0,18
55.81701,1,0,0,0,0,0,0,-1,0,1.0000,-1,18,0,0,0,18
55.83749,1,0,0,0,0,0,0,-1,0,1.0000,-1,18,0,0,0,18
55.86006,1,0,0,0,0,0,0,-1,0,1.0000,-1,18,0,0,0,18
55.88113,1,0,0,0,0,0,0,-1,0,1.0000,-1,18,0,0,0,18
55.90285,1,0,0,1,0,0,0,-1,0,1.0000,-1,18,0,0,0,18
55.94353,1,0,0,1,0,0,0,-1,0,1.0000,-1,18,0,0,0,18
55.95731,1,0,0,1,0,0,0,-1,0,1.0000,-1,18,0,0,0,18
55.97002,1,0,0,1,0,0,0,-1,0,1.0000,-1,18,0,0,0,18
55.99258,1,0,0,1,0,0,0,-1,0,1.0000,-1,18,0,0,0,18
56.01387,1,0,0,1,0,0,0,-1,0,1.0000,-1,18,0,0,0,18
56.03492,1,0,0,1,0,0,0,-1,0,1.0000,-1,18,0,0,0,18
56.05686,1,0,0,1,0,0,0,-1,0,1.0000,-1,18,0,0,0,18
56.07793,1,0,0,1,0,0,0,-1,0,1.0000,-1,18,0,0,0,18
56.09903,1,0,0,1,0,0,0,-1,0,1.0000,-1,18,0,0,0,18
56.11914,1,0,0,1,0,0,0,-1,0,0.0000,-1,18,0,0,0,18
56.1582,1,0,0,1,0,0,0,-1,0,0.0000,-1,18,0,0,0,18
56.17168,1,0,0,1,0,0,0,-1,0,0.0000,-1,18,0,0,0,18
56.18526,1,0,0,1,0,0,0,-1,0,0.0000,-1,18,0,0,0,18
56.20737,1,0,0,1,0,0,1,33,1,1.0000,-1,18,0,0,0,18
56.22708,1,0,0,1,0,0,1,33,0,1.0000,-1,18,0,0,0,18
56.24881,1,0,0,1,0,0,1,33,0,1.0000,-1,18,0,0,0,18
56.27016,1,0,0,1,0,0,1,33,0,1.0000,-1,18,0,0,0,18
56.29016,1,0,0,1,0,0,1,33,0,1.0000,-1,18,0,0,0,18
56.31228,1,0,0,1,0,0,1,33,0,1.0000,-1,18,0,0,0,18
56.33426,1,0,0,1,0,0,1,33,0,1.0000,-1,18,0,0,0,18
56.3543,1,0,0,1,0,0,1,33,0,1.0000,-1,18,0,0,0,18
56.37582,1,0,0,1,0,0,1,33,0,1.0000,-1,18,0,0,0,18
56.39706,1,0,0,1,0,0,1,33,0,1.0000,-1,18,0,0,0,18
56.41653,1,0,0,1,0,0,0,-1,0,1.0000,33,19,0,0,0,19
56.43899,1,0,0,1,0,0,0,-1,0,1.0000,-1,19,0,0,0,19
56.45943,1,0,0,1,0,0,0,-1,0,1.0000,-1,19,0,0,0,19
56.47986,1,0,0,1,0,0,0,-1,0,1.0000,-1,19,0,0,0,19
56.50069,1,0,0,1,0,0,0,-1,0,1.0000,-1,19,0,0,0,19
56.52158,1,0,0,1,0,0,0,-1,0,1.0000,-1,19,0,0,0,19
56.54168,1,0,0,1,0,0,0,-1,0,1.0000,-1,19,0,0,0,19
56.58068,1,0,0,1,0,0,0,-1,0,1.0000,-1,19,0,0,0,19
56.59297,1,0,0,1,1,0,0,-1,0,1.0000,-1,19,0,0,0,19
56.60744,1,0,0,1,1,0,0,-1,0,1.0000,-1,19,0,0,0,19
56.6274,1,0,0,1,1,0,0,-1,0,1.0000,-1,19,0,0,0,19
56.64948,1,0,0,1,1,0,0,-1,0,1.0000,-1,19,0,0,0,19
56.66875,1,0,0,1,1,0,0,-1,0,1.0000,-1,19,0,0,0,19
56.68937,1,0,0,1,1,0,0,-1,0,1.0000,-1,19,0,0,0,19
56.71014,1,0,0,1,1,0,0,-1,0,1.0000,-1,19,0,0,0,19
56.72958,1,0,0,1,1,0,0,-1,0,1.0000,-1,19,0,0,0,19
56.74915,1,0,0,1,1,0,0,-1,0,1.0000,-1,19,0,0,0,19
56.76859,1,0,0,1,1,0,0,-1,0,1.0000,-1,19,0,0,0,19
56.78747,1,0,0,1,1,0,0,-1,0,1.0000,-1,19,0,0,0,19
56.80879,1,0,0,1,1,0,0,-1,0,1.0000,-1,19,0,0,0,19
56.82699,1,0,0,0,1,0,0,-1,0,1.0000,-1,19,0,0,0,19
56.84726,1,0,0,0,1,0,0,-1,0,1.0000,-1,19,0,0,0,19
56.86708,1,0,0,0,1,0,0,-1,0,1.0000,-1,19,0,0,0,19
56.88731,1,0,0,0,1,0,0,-1,0,1.0000,-1,19,0,0,0,19
56.90547,1,0,0,0,1,0,0,-1,0,1.0000,-1,19,0,0,0,19
56.92577,1,0,0,0,1,0,0,-1,0,1.0000,-1,19,0,0,0,19
56.94566,1,0,0,0,1,0,0,-1,0,1.0000,-1,19,0,0,0,19
56.96632,1,0,0,0,1,0,0,-1,0,1.0000,-1,19,0,0,0,19
57.00627,1,0,0,0,1,0,0,-1,0,1.0000,-1,19,0,0,0,19
57.01826,1,0,0,0,1,0,0,-1,0,1.0000,-1,19,0,0,0,19
57.03133,1,0,0,0,1,0,0,-1,0,1.0000,-1,19,0,0,0,19
57.05225,1,0,0,0,1,0,0,-1,0,1.0000,-1,19,0,0,0,19
57.07132,1,0,0,0,1,0,0,-1,0,1.0000,-1,19,0,0,0,19
57.091,1,0,0,0,1,0,0,-1,0,1.0000,-1,19,0,0,0,19
57.11076,1,0,0,0,1,0,0,-1,0,1.0000,-1,19,0,0,0,19
57.13205,1,0,0,0,1,0,0,-1,0,1.0000,-1,19,0,0,0,19
57.15015,1,0,0,0,1,0,0,-1,0,1.0000,-1,19,0,0,0,19
57.17038,1,0,0,0,1,0,0,-1,0,1.0000,-1,19,0,0,0,19
57.1895,1,0,0,0,1,0,0,-1,0,1.0000,-1,19,0,0,0,19
57.22911,1,0,0,0,1,0,0,-1,0,0.0000,-1,19,0,0,0,19
57.22911,1,0,0,0,1,0,0,-1,0,0.0000,-1,19,0,0,0,19
57.22911,1,0,0,0,1,0,0,-1,0,0.0000,-1,19,0,0,0,19
57.22911,1,0,0,0,1,0,0,-1,0,0.0000,-1,19,0,0,0,19
57.22911,1,0,0,0,1,0,0,-1,0,0.0000,-1,19,0,0,0,19
57.22911,1,0,0,0,1,0,0,-1,0,0.0000,-1,19,0,0,0,19
57.22911,1,0,0,0,1,0,0,-1,0,0.0000,-1,19,0,0,0,19
57.22911,1,0,0,0,1,0,0,-1,0,0.0000,-1,19,0,0,0,19
57.22911,1,0,0,0,1,0,0,-1,0,0.0000,-1,19,0,0,0,19
57.22911,1,0,0,0,1,0,0,-1,0,0.0000,-1,19,0,0,0,19
57.22911,1,0,0,0,1,0,0,-1,0,0.0000,-1,19,0,0,0,19
57.22911,1,0,0,0,1,0,0,-1,0,0.0000,-1,19,0,0,0,19
57.22911,1,0,0,0,1,0,0,-1,0,0.0000,-1,19,0,0,0,19
57.22911,1,0,0,0,1,0,0,-1,0,0.0000,-1,19,0,0,0,19
57.22911,1,0,0,0,1,0,0,-1,0,0.0000,-1,19,0,0,0,19
57.22911,1,0,0,0,1,0,0,-1,0,0.0000,-1,19,0,0,0,19
57.22911,1,0,0,0,1,0,0,-1,0,0.0000,-1,19,0,0,0,19
57.22911,1,0,0,0,1,0,0,-1,0,0.0000,-1,19,0,0,0,19
57.22911,1,0,0,0,1,0,0,-1,0,0.0000,-1,19,0,0,0,19
57.22911,1,0,0,0,1,0,0,-1,0,0.0000,-1,19,0,0,0,19
57.22911,1,0,0,0,1,0,0,-1,0,0.0000,-1,19,0,0,0,19
57.22911,1,0,0,0,1,0,0,-1,0,0.0000,-1,19,0,0,0,19
57.22911,1,0,0,0,1,0,0,-1,0,0.0000,-1,19,0,0,0,19
57.22911,1,0,0,0,1,0,0,-1,0,0.0000,-1,19,0,0,0,19
57.22911,1,0,0,0,1,0,0,-1,0,0.0000,-1,19,0,0,0,19
57.22911,1,0,0,0,1,0,0,-1,0,0.0000,-1,19,0,0,0,19
57.22911,1,0,0,0,1,0,0,-1,0,0.0000,-1,19,0,0,0,19
57.22911,1,0,0,0,1,0,0,-1,0,0.0000,-1,19,0,0,0,19
57.22911,1,0,0,0,1,0,0,-1,0,0.0000,-1,19,0,0,0,19
57.22911,1,0,0,0,1,0,0,-1,0,0.0000,-1,19,0,0,0,19
57.22911,1,0,0,0,1,0,0,-1,0,0.0000,-1,19,0,0,0,19
57.22911,1,0,0,0,1,0,0,-1,0,0.0000,-1,19,0,0,0,19
57.22911,1,0,0,0,1,0,0,-1,0,0.0000,-1,19,0,0,0,19
57.22911,1,0,0,0,1,0,0,-1,0,0.0000,-1,19,0,0,0,19
57.22911,1,0,0,0,1,0,0,-1,0,0.0000,-1,19,0,0,0,19
57.22911,1,0,0,0,1,0,0,-1,0,0.0000,-1,19,0,0,0,19
57.22911,1,0,0,0,1,0,0,-1,0,0.0000,-1,19,0,0,0,19
57.22911,1,0,0,0,1,0,0,-1,0,0.0000,-1,19,0,0,0,19
57.22911,1,0,0,0,1,0,0,-1,0,0.0000,-1,19,0,0,0,19
57.22911,1,0,0,0,1,0,0,-1,0,0.0000,-1,19,0,0,0,19
57.22911,1,0,0,0,1,0,0,-1,0,0.0000,-1,19,0,0,0,19
57.22911,1,0,0,0,1,0,0,-1,0,0.0000,-1,19,0,0,0,19
57.22911,1,0,0,0,1,0,0,-1,0,0.0000,-1,19,0,0,0,19
57.22911,1,0,0,0,1,0,0,-1,0,0.0000,-1,19,0,0,0,19
57.22911,1,0,0,0,1,0,0,-1,0,0.0000,-1,19,0,0,0,19
57.22911,1,0,0,0,1,0,0,-1,0,0.0000,-1,19,0,0,0,19
57.22911,1,0,0,0,1,0,0,-1,0,0.0000,-1,19,0,0,0,19
57.22911,1,0,0,0,1,0,0,-1,0,0.0000,-1,19,0,0,0,19
57.22911,1,0,0,0,1,0,0,-1,0,0.0000,-1,19,0,0,0,19
57.22911,1,0,0,0,1,0,0,-1,0,0.0000,-1,19,0,0,0,19
57.22911,1,0,0,0,1,0,0,-1,0,0.0000,-1,19,0,0,0,19
57.22911,1,0,0,0,1,0,0,-1,0,0.0000,-1,19,0,0,0,19
57.22911,1,0,0,0,1,0,0,-1,0,0.0000,-1,19,0,0,0,19
57.22911,1,0,0,0,1,0,0,-1,0,0.0000,-1,19,0,0,0,19
57.22911,1,0,0,0,1,0,0,-1,0,0.0000,-1,19,0,0,0,19
57.22911,1,0,0,0,1,0,0,-1,0,0.0000,-1,19,0,0,0,19
57.22911,1,0,0,0,1,0,0,-1,0,0.0000,-1,19,0,0,0,19
57.22911,1,0,0,0,1,0,0,-1,0,0.0000,-1,19,0,0,0,19
57.22911,1,0,0,0,1,0,0,-1,0,0.0000,-1,19,0,0,0,19
57.22911,1,0,0,0,1,0,0,-1,0,0.0000,-1,19,0,0,0,19
57.22911,1,0,0,0,1,0,0,-1,0,0.0000,-1,19,0,0,0,19
57.22911,1,0,0,0,1,0,0,-1,0,0.0000,-1,19,0,0,0,19
57.22911,1,0,0,0,1,0,0,-1,0,0.0000,-1,19,0,0,0,19
57.22911,1,0,0,0,1,0,0,-1,0,0.0000,-1,19,0,0,0,19
57.22911,1,0,0,0,1,0,0,-1,0,0.0000,-1,19,0,0,0,19
57.22911,1,0,0,0,1,0,0,-1,0,0.0000,-1,19,0,0,0,19
57.22911,1,0,0,0,1,0,0,-1,0,0.0000,-1,19,0,0,0,19
57.22911,1,0,0,0,1,0,0,-1,0,0.0000,-1,19,0,0,0,19
57.22911,1,0,0,0,1,0,0,-1,0,0.0000,-1,19,0,0,0,19
57.22911,1,0,0,0,1,0,0,-1,0,0.0000,-1,19,0,0,0,19
57.22911,1,0,0,0,1,0,0,-1,0,0.0000,-1,19,0,0,0,19
57.22911,1,0,0,0,1,0,0,-1,0,0.0000,-1,19,0,0,0,19
57.22911,1,0,0,0,1,0,0,-1,0,0.0000,-1,19,0,0,0,19
57.22911,1,0,0,0,1,0,0,-1,0,0.0000,-1,19,0,0,0,19
57.22911,1,0,0,0,1,0,0,-1,0,0.0000,-1,19,0,0,0,19
57.22911,1,0,0,0,1,0,0,-1,0,0.0000,-1,19,0,0,0,19
57.22911,1,0,0,0,1,0,0,-1,0,0.0000,-1,19,0,0,0,19
57.22911,1,0,0,0,1,0,0,-1,0,0.0000,-1,19,0,0,0,19
57.22911,1,0,0,0,1,0,0,-1,0,0.0000,-1,19,0,0,0,19
57.22911,1,0,0,0,1,0,0,-1,0,0.0000,-1,19,0,0,0,19
57.22911,1,0,0,0,1,0,0,-1,0,0.0000,-1,19,0,0,0,19
57.22911,1,0,0,0,1,0,0,-1,0,0.0000,-1,19,0,0,0,19
57.22911,1,0,0,0,1,0,0,-1,0,0.0000,-1,19,0,0,0,19
57.22911,1,0,0,0,1,0,0,-1,0,0.0000,-1,19,0,0,0,19
57.22911,1,0,0,0,1,0,0,-1,0,0.0000,-1,19,0,0,0,19
57.22911,1,0,0,0,1,0,0,-1,0,0.0000,-1,19,0,0,0,19
57.22911,1,0,0,0,1,0,0,-1,0,0.0000,-1,19,0,0,0,19
57.22911,1,0,0,0,1,0,0,-1,0,0.0000,-1,19,0,0,0,19
57.22911,1,0,0,0,1,0,0,-1,0,0.0000,-1,19,0,0,0,19
57.22911,1,0,0,0,1,0,0,-1,0,0.0000,-1,19,0,0,0,19
57.22911,1,0,0,0,1,0,0,-1,0,0.0000,-1,19,0,0,0,19
57.22911,1,0,0,0,1,0,0,-1,0,0.0000,-1,19,0,0,0,19
57.22911,1,0,0,0,1,0,0,-1,0,0.0000,-1,19,0,0,0,19
57.22911,1,0,0,0,1,0,0,-1,0,0.0000,-1,19,0,0,0,19
57.22911,1,0,0,0,1,0,0,-1,0,0.0000,-1,19,0,0,0,19
57.22911,1,0,0,0,1,0,0,-1,0,0.0000,-1,19,0,0,0,19
57.22911,1,0,0,0,1,0,0,-1,0,0.0000,-1,19,0,0,0,19
57.22911,1,0,0,0,1,0,0,-1,0,0.0000,-1,19,0,0,0,19
57.22911,1,0,0,0,1,0,0,-1,0,0.0000,-1,19,0,0,0,19
57.22911,1,0,0,0,1,0,0,-1,0,0.0000,-1,19,0,0,0,19
57.22911,1,0,0,0,1,0,0,-1,0,0.0000,-1,19,0,0,0,19
57.22911,1,0,0,0,1,0,0,-1,0,0.0000,-1,19,0,0,0,19
57.22911,1,0,0,0,1,0,0,-1,0,0.0000,-1,19,0,0,0,19
57.22911,1,0,0,0,1,0,0,-1,0,0.0000,-1,19,0,0,0,19
57.22911,1,0,0,0,1,0,0,-1,0,0.0000,-1,19,0,0,0,19
57.22911,1,0,0,0,1,0,0,-1,0,0.0000,-1,19,0,0,0,19
57.22911,1,0,0,0,1,0,0,-1,0,0.0000,-1,19,0,0,0,19
57.22911,1,0,0,0,1,0,0,-1,0,0.0000,-1,19,0,0,0,19
57.22911,1,0,0,0,1,0,0,-1,0,0.0000,-1,19,0,0,0,19
57.22911,1,0,0,0,1,0,0,-1,0,0.0000,-1,19,0,0,0,19
57.22911,1,0,0,0,1,0,0,-1,0,0.0000,-1,19,0,0,0,19
57.22911,1,0,0,0,1,0,0,-1,0,0.0000,-1,19,0,0,0,19
57.22911,1,0,0,0,1,0,0,-1,0,0.0000,-1,19,0,0,0,19
57.22911,1,0,0,0,1,0,0,-1,0,0.0000,-1,19,0,0,0,19
57.22911,1,0,0,0,1,0,0,-1,0,0.0000,-1,19,0,0,0,19
57.22911,1,0,0,0,1,0,0,-1,0,0.0000,-1,19,0,0,0,19
57.22911,1,0,0,0,1,0,0,-1,0,0.0000,-1,19,0,0,0,19
57.22911,1,0,0,0,1,0,0,-1,0,0.0000,-1,19,0,0,0,19
57.22911,1,0,0,0,1,0,0,-1,0,0.0000,-1,19,0,0,0,19
57.22911,1,0,0,0,1,0,0,-1,0,0.0000,-1,19,0,0,0,19
57.22911,1,0,0,0,1,0,0,-1,0,0.0000,-1,19,0,0,0,19
57.22911,1,0,0,0,1,0,0,-1,0,0.0000,-1,19,0,0,0,19
57.22911,1,0,0,0,1,0,0,-1,0,0.0000,-1,19,0,0,0,19
57.22911,1,0,0,0,1,0,0,-1,0,0.0000,-1,19,0,0,0,19
57.22911,1,0,0,0,1,0,0,-1,0,0.0000,-1,19,0,0,0,19
57.22911,1,0,0,0,1,0,0,-1,0,0.0000,-1,19,0,0,0,19
57.22911,1,0,0,0,1,0,0,-1,0,0.0000,-1,19,0,0,0,19
57.22911,1,0,0,0,1,0,0,-1,0,0.0000,-1,19,0,0,0,19
57.22911,1,0,0,0,1,0,0,-1,0,0.0000,-1,19,0,0,0,19
57.22911,1,0,0,0,1,0,0,-1,0,0.0000,-1,19,0,0,0,19
57.22911,1,0,0,0,1,0,0,-1,0,0.0000,-1,19,0,0,0,19
57.22911,1,0,0,0,1,0,0,-1,0,0.0000,-1,19,0,0,0,19
57.22911,1,0,0,0,1,0,0,-1,0,0.0000,-1,19,0,0,0,19
57.22911,1,0,0,0,1,0,0,-1,0,0.0000,-1,19,0,0,0,19
57.22911,1,0,0,0,1,0,0,-1,0,0.0000,-1,19,0,0,0,19
57.22911,1,0,0,0,1,0,0,-1,0,0.0000,-1,19,0,0,0,19
57.22911,1,0,0,0,1,0,0,-1,0,0.0000,-1,19,0,0,0,19
57.22911,1,0,0,0,1,0,0,-1,0,0.0000,-1,19,0,0,0,19
57.22911,1,0,0,0,1,0,0,-1,0,0.0000,-1,19,0,0,0,19
57.22911,1,0,0,0,1,0,0,-1,0,0.0000,-1,19,0,0,0,19
57.22911,1,0,0,0,1,0,0,-1,0,0.0000,-1,19,0,0,0,19
57.22911,1,0,0,0,1,0,0,-1,0,0.0000,-1,19,0,0,0,19
57.22911,1,0,0,0,1,0,0,-1,0,0.0000,-1,19,0,0,0,19
57.22911,1,0,0,0,1,0,0,-1,0,0.0000,-1,19,0,0,0,19
57.22911,1,0,0,0,1,0,0,-1,0,0.0000,-1,19,0,0,0,19
57.22911,1,0,0,0,1,0,0,-1,0,0.0000,-1,19,0,0,0,19
57.22911,1,0,0,0,1,0,0,-1,0,0.0000,-1,19,0,0,0,19
57.22911,1,0,0,0,1,0,0,-1,0,0.0000,-1,19,0,0,0,19
57.22911,1,0,0,0,1,0,0,-1,0,0.0000,-1,19,0,0,0,19
57.22911,1,0,0,0,1,0,0,-1,0,0.0000,-1,19,0,0,0,19
57.22911,1,0,0,0,1,0,0,-1,0,0.0000,-1,19,0,0,0,19
57.22911,1,0,0,0,1,0,0,-1,0,0.0000,-1,19,0,0,0,19
57.22911,1,0,0,0,1,0,0,-1,0,0.0000,-1,19,0,0,0,19
57.22911,1,0,0,0,1,0,0,-1,0,0.0000,-1,19,0,0,0,19
57.22911,1,0,0,0,1,0,0,-1,0,0.0000,-1,19,0,0,0,19
57.22911,1,0,0,0,1,0,0,-1,0,0.0000,-1,19,0,0,0,19
57.22911,1,0,0,0,1,0,0,-1,0,0.0000,-1,19,0,0,0,19
57.22911,1,0,0,0,1,0,0,-1,0,0.0000,-1,19,0,0,0,19
57.22911,1,0,0,0,1,0,0,-1,0,0.0000,-1,19,0,0,0,19
57.22911,1,0,0,0,1,0,0,-1,0,0.0000,-1,19,0,0,0,19
57.22911,1,0,0,0,1,0,0,-1,0,0.0000,-1,19,0,0,0,19
57.22911,1,0,0,0,1,0,0,-1,0,0.0000,-1,19,0,0,0,19
57.22911,1,0,0,0,1,0,0,-1,0,0.0000,-1,19,0,0,0,19
57.22911,1,0,0,0,1,0,0,-1,0,0.0000,-1,19,0,0,0,19
57.22911,1,0,0,0,1,0,0,-1,0,0.0000,-1,19,0,0,0,19
57.22911,1,0,0,0,1,0,0,-1,0,0.0000,-1,19,0,0,0,19
57.22911,1,0,0,0,1,0,0,-1,0,0.0000,-1,19,0,0,0,19
57.22911,1,0,0,0,1,0,0,-1,0,0.0000,-1,19,0,0,0,19
57.22911,1,0,0,0,1,0,0,-1,0,0.0000,-1,19,0,0,0,19
57.22911,1,0,0,0,1,0,0,-1,0,0.0000,-1,19,0,0,0,19
57.22911,1,0,0,0,1,0,0,-1,0,0.0000,-1,19,0,0,0,19
57.22911,1,0,0,0,1,0,0,-1,0,0.0000,-1,19,0,0,0,19
57.22911,1,0,0,0,1,0,0,-1,0,0.0000,-1,19,0,0,0,19
57.22911,1,0,0,0,1,0,0,-1,0,0.0000,-1,19,0,0,0,19
57.22911,1,0,0,0,1,0,0,-1,0,0.0000,-1,19,0,0,0,19
57.22911,1,0,0,0,1,0,0,-1,0,0.0000,-1,19,0,0,0,19
57.22911,1,0,0,0,1,0,0,-1,0,0.0000,-1,19,0,0,0,19
57.22911,1,0,0,0,1,0,0,-1,0,0.0000,-1,19,0,0,0,19
57.22911,1,0,0,0,1,0,0,-1,0,0.0000,-1,19,0,0,0,19
57.22911,1,0,0,0,1,0,0,-1,0,0.0000,-1,19,0,0,0,19
57.22911,1,0,0,0,1,0,0,-1,0,0.0000,-1,19,0,0,0,19
57.22911,1,0,0,0,1,0,0,-1,0,0.0000,-1,19,0,0,0,19
57.22911,1,0,0,0,1,0,0,-1,0,0.0000,-1,19,0,0,0,19
57.22911,1,0,0,0,1,0,0,-1,0,0.0000,-1,19,0,0,0,19
57.22911,1,0,0,0,1,0,0,-1,0,0.0000,-1,19,0,0,0,19
57.22911,1,0,0,0,1,0,0,-1,0,0.0000,-1,19,0,0,0,19
57.22911,1,0,0,0,1,0,0,-1,0,0.0000,-1,19,0,0,0,19
57.22911,1,0,0,0,1,0,0,-1,0,0.0000,-1,19,0,0,0,19
57.22911,1,0,0,0,1,0,0,-1,0,0.0000,-1,19,0,0,0,19
57.22911,1,0,0,0,1,0,0,-1,0,0.0000,-1,19,0,0,0,19
57.22911,1,0,0,0,1,0,0,-1,0,0.0000,-1,19,0,0,0,19
57.22911,1,0,0,0,1,0,0,-1,0,0.0000,-1,19,0,0,0,19
57.22911,1,0,0,0,1,0,0,-1,0,0.0000,-1,19,0,0,0,19
57.22911,1,0,0,0,1,0,0,-1,0,0.0000,-1,19,0,0,0,19
57.22911,1,0,0,0,1,0,0,-1,0,0.0000,-1,19,0,0,0,19
57.22911,1,0,0,0,1,0,0,-1,0,0.0000,-1,19,0,0,0,19
57.22911,1,0,0,0,1,0,0,-1,0,0.0000,-1,19,0,0,0,19
57.22911,1,0,0,0,1,0,0,-1,0,0.0000,-1,19,0,0,0,19
57.22911,1,0,0,0,1,0,0,-1,0,0.0000,-1,19,0,0,0,19
57.22911,1,0,0,0,1,0,0,-1,0,0.0000,-1,19,0,0,0,19
57.22911,1,0,0,0,1,0,0,-1,0,0.0000,-1,19,0,0,0,19
57.22911,1,0,0,0,1,0,0,-1,0,0.0000,-1,19,0,0,0,19
57.22911,1,0,0,0,1,0,0,-1,0,0.0000,-1,19,0,0,0,19
57.22911,1,0,0,0,1,0,0,-1,0,0.0000,-1,19,0,0,0,19
57.22911,1,0,0,0,1,0,0,-1,0,0.0000,-1,19,0,0,0,19
57.22911,1,0,0,0,1,0,0,-1,0,0.0000,-1,19,0,0,0,19
57.22911,1,0,0,0,1,0,0,-1,0,0.0000,-1,19,0,0,0,19
57.22911,1,0,0,0,1,0,0,-1,0,0.0000,-1,19,0,0,0,19
57.22911,1,0,0,0,1,0,0,-1,0,0.0000,-1,19,0,0,0,19
57.22911,1,0,0,0,1,0,0,-1,0,0.0000,-1,19,0,0,0,19
57.22911,1,0,0,0,1,0,0,-1,0,0.0000,-1,19,0,0,0,19
57.22911,1,0,0,0,1,0,0,-1,0,0.0000,-1,19,0,0,0,19
57.22911,1,0,0,0,1,0,0,-1,0,0.0000,-1,19,0,0,0,19
57.22911,1,0,0,0,1,0,0,-1,0,0.0000,-1,19,0,0,0,19
57.22911,1,0,0,0,1,0,0,-1,0,0.0000,-1,19,0,0,0,19
57.22911,1,0,0,0,1,0,0,-1,0,0.0000,-1,19,0,0,0,19
57.22911,1,0,0,0,1,0,0,-1,0,0.0000,-1,19,0,0,0,19
57.22911,1,0,0,0,1,0,0,-1,0,0.0000,-1,19,0,0,0,19
57.22911,1,0,0,0,1,0,0,-1,0,0.0000,-1,19,0,0,0,19
57.22911,1,0,0,0,1,0,0,-1,0,0.0000,-1,19,0,0,0,19
57.22911,1,0,0,0,1,0,0,-1,0,0.0000,-1,19,0,0,0,19
57.22911,1,0,0,0,1,0,0,-1,0,0.0000,-1,19,0,0,0,19
57.22911,1,0,0,0,1,0,0,-1,0,0.0000,-1,19,0,0,0,19
57.22911,1,0,0,0,1,0,0,-1,0,0.0000,-1,19,0,0,0,19
57.22911,1,0,0,0,1,0,0,-1,0,0.0000,-1,19,0,0,0,19
57.22911,1,0,0,0,1,0,0,-1,0,0.0000,-1,19,0,0,0,19
57.22911,1,0,0,0,1,0,0,-1,0,0.0000,-1,19,0,0,0,19
57.22911,1,0,0,0,1,0,0,-1,0,0.0000,-1,19,0,0,0,19
57.22911,1,0,0,0,1,0,0,-1,0,0.0000,-1,19,0,0,0,19
57.22911,1,0,0,0,1,0,0,-1,0,0.0000,-1,19,0,0,0,19
57.22911,1,0,0,0,1,0,0,-1,0,0.0000,-1,19,0,0,0,19
57.22911,1,0,0,0,1,0,0,-1,0,0.0000,-1,19,0,0,0,19
57.22911,1,0,0,0,1,0,0,-1,0,0.0000,-1,19,0,0,0,19