time,driverPlayerNum,driverPoints,globalSkill,globalConf,globalOverall,globalSpawn,globalPrecision,globalPunishment,globalRewardBias,driverSkill,driverConf,driverOverall,driverSpawn,driverPrecision,driverPunishment,driverRewardBias,driverCollectSuccess,driverCollectMiss,driverObstacleHit,driverMgPass,driverMgPerfect,driverMgFail
30.907,1,0,0.5000,0.0372,0.5000,0.6500,0.6000,0.6000,0.5000,0.5000,0.0372,0.5000,0.6600,0.6025,0.6030,0.4900,0.0000,0.0000,0.0000,0.0000,0.0000,0.0000
31.435,1,0,0.5000,0.0372,0.5000,0.6500,0.6000,0.6000,0.5000,0.5000,0.0372,0.5000,0.6600,0.6025,0.6030,0.4900,0.0000,0.0000,0.0000,0.0000,0.0000,0.0000
31.970,1,0,0.5000,0.0372,0.5000,0.6500,0.6000,0.6000,0.5000,0.5000,0.0372,0.5000,0.6600,0.6025,0.6030,0.4900,0.0000,0.0000,0.0000,0.0000,0.0000,0.0000
32.507,1,0,0.5000,0.0372,0.5000,0.6500,0.6000,0.6000,0.5000,0.5000,0.0372,0.5000,0.6600,0.6025,0.6030,0.4900,0.0000,0.0000,0.0000,0.0000,0.0000,0.0000
33.012,1,0,0.5000,0.0372,0.5000,0.6500,0.6000,0.6000,0.5000,0.5000,0.0372,0.5000,0.6600,0.6025,0.6030,0.4900,0.0000,0.0000,0.0000,0.0000,0.0000,0.0000
33.534,1,0,0.5000,0.0372,0.5000,0.6500,0.6000,0.6000,0.5000,0.5000,0.0372,0.5000,0.6600,0.6025,0.6030,0.4900,0.0000,0.0000,0.0000,0.0000,0.0000,0.0000
34.063,1,0,0.5000,0.0491,0.5000,0.6500,0.6000,0.6000,0.5000,0.5000,0.0491,0.5000,0.6699,0.6049,0.6059,0.4801,0.0000,0.0000,0.0000,0.0000,0.0000,0.0000
34.571,1,0,0.5000,0.0491,0.5000,0.6500,0.6000,0.6000,0.5000,0.5000,0.0491,0.5000,0.6699,0.6049,0.6059,0.4801,0.0000,0.0000,0.0000,0.0000,0.0000,0.0000
35.104,1,0,0.5000,0.0491,0.5000,0.6500,0.6000,0.6000,0.5000,0.5000,0.0491,0.5000,0.6699,0.6049,0.6059,0.4801,0.0000,0.0000,0.0000,0.0000,0.0000,0.0000
35.626,1,0,0.5000,0.0613,0.5000,0.6500,0.6000,0.6000,0.5000,0.5000,0.0613,0.5000,0.6699,0.6049,0.6059,0.4801,0.0000,0.0000,0.0000,0.0000,0.0000,0.0000
36.138,1,0,0.5000,0.0842,0.5000,0.6500,0.6000,0.6000,0.5000,0.5000,0.0842,0.5000,0.6699,0.6049,0.6059,0.4801,0.0000,0.0000,0.0000,0.0000,0.0000,0.0000
36.656,1,0,0.4997,0.0842,0.5000,0.6500,0.6000,0.6000,0.5000,0.4997,0.0842,0.5000,0.6699,0.6049,0.6059,0.4801,0.0000,0.0000,0.0000,0.0000,0.0000,0.0000
37.158,1,0,0.4996,0.0842,0.5000,0.6500,0.6000,0.6000,0.5000,0.4996,0.0842,0.5000,0.6699,0.6049,0.6059,0.4801,0.0000,0.0000,0.0000,0.0000,0.0000,0.0000
37.707,1,0,0.4996,0.0842,0.5000,0.6500,0.6000,0.6000,0.5000,0.4996,0.0842,0.5000,0.6699,0.6049,0.6059,0.4801,0.0000,0.0000,0.0000,0.0000,0.0000,0.0000
38.243,1,0,0.4996,0.0842,0.5000,0.6500,0.6000,0.6000,0.5000,0.4996,0.0842,0.5000,0.6699,0.6049,0.6059,0.4801,0.0000,0.0000,0.0000,0.0000,0.0000,0.0000
38.756,1,0,0.4996,0.0952,0.5000,0.6500,0.6000,0.6000,0.5000,0.4996,0.0952,0.5000,0.6699,0.6049,0.6059,0.4801,0.0000,0.0000,0.0000,0.0000,0.0000,0.0000
39.292,1,100,0.5961,0.0946,0.5077,0.6554,0.6061,0.6061,0.4969,0.5961,0.0946,0.5077,0.6754,0.6111,0.6121,0.4769,0.5191,0.0000,0.0000,0.0000,0.0000,0.0000
39.838,1,200,0.6538,0.1056,0.5146,0.6602,0.6117,0.6117,0.4942,0.6538,0.1056,0.5146,0.6803,0.6166,0.6176,0.4741,0.6949,0.0000,0.0000,0.0000,0.0000,0.0000
40.347,1,200,0.6967,0.1039,0.5204,0.6643,0.6163,0.6163,0.4918,0.6967,0.1039,0.5204,0.6844,0.6213,0.6223,0.4717,0.6949,0.0000,0.1817,0.0000,0.0000,0.0000
40.850,1,200,0.6816,0.1230,0.5241,0.6669,0.6193,0.6193,0.4904,0.6816,0.1230,0.5241,0.6871,0.6243,0.6253,0.4702,0.6949,0.0000,0.2742,0.0000,0.0000,0.0000
41.389,1,200,0.6589,0.1230,0.5202,0.6642,0.6162,0.6162,0.4919,0.6589,0.1230,0.5202,0.6843,0.6212,0.6222,0.4718,0.6949,0.0000,0.2742,0.0000,0.0000,0.0000
41.926,1,200,0.6562,0.1230,0.5192,0.6634,0.6154,0.6154,0.4923,0.6562,0.1230,0.5192,0.6836,0.6203,0.6213,0.4722,0.6949,0.0000,0.2742,0.0000,0.0000,0.0000
42.476,1,200,0.6588,0.1434,0.5192,0.6635,0.6154,0.6154,0.4923,0.6588,0.1434,0.5192,0.6836,0.6204,0.6214,0.4722,0.6949,0.0000,0.2117,0.0000,0.0000,0.0000
42.977,1,200,0.6721,0.1434,0.5242,0.6670,0.6194,0.6194,0.4903,0.6721,0.1434,0.5242,0.6871,0.6244,0.6254,0.4701,0.6949,0.0000,0.2117,0.0000,0.0000,0.0000
43.511,1,200,0.6556,0.1539,0.5252,0.6676,0.6201,0.6201,0.4899,0.6556,0.1539,0.5252,0.6878,0.6251,0.6261,0.4697,0.5090,0.2743,0.2117,0.0000,0.0000,0.0000
44.029,1,200,0.5904,0.1539,0.5161,0.6613,0.6129,0.6129,0.4936,0.5904,0.1539,0.5161,0.6814,0.6179,0.6189,0.4735,0.5090,0.2743,0.2117,0.0000,0.0000,0.0000
44.581,1,200,0.5747,0.1733,0.5131,0.6592,0.6105,0.6105,0.4948,0.5747,0.1733,0.5131,0.6792,0.6154,0.6164,0.4747,0.5090,0.2743,0.1707,0.0000,0.0000,0.0000
45.111,1,200,0.5737,0.1733,0.5128,0.6590,0.6103,0.6103,0.4949,0.5737,0.1733,0.5128,0.6790,0.6152,0.6162,0.4748,0.5090,0.2743,0.1707,0.0000,0.0000,0.0000
45.628,1,200,0.5734,0.1733,0.5127,0.6589,0.6102,0.6102,0.4949,0.5734,0.1733,0.5127,0.6790,0.6151,0.6161,0.4749,0.5090,0.2743,0.1707,0.0000,0.0000,0.0000
46.156,1,350,0.6354,0.1906,0.5200,0.6640,0.6160,0.6160,0.4920,0.6354,0.1906,0.5200,0.6841,0.6210,0.6220,0.4719,0.7902,0.2743,0.1419,0.0000,0.0000,0.0000
46.669,1,350,0.6396,0.1870,0.5261,0.6683,0.6209,0.6209,0.4896,0.6396,0.1870,0.5261,0.6885,0.6259,0.6269,0.4694,0.7902,0.2743,0.2296,0.0000,0.0000,0.0000
47.177,1,350,0.6231,0.1984,0.5256,0.6679,0.6205,0.6205,0.4898,0.6231,0.1984,0.5256,0.6881,0.6255,0.6265,0.4696,0.6134,0.2129,0.2296,0.0000,0.0000,0.0000
47.691,1,350,0.6008,0.1984,0.5210,0.6647,0.6168,0.6168,0.4916,0.6008,0.1984,0.5210,0.6848,0.6218,0.6228,0.4715,0.6134,0.2129,0.2296,0.0000,0.0000,0.0000
48.207,1,350,0.6018,0.2162,0.5219,0.6653,0.6175,0.6175,0.4913,0.6018,0.2162,0.5219,0.6855,0.6225,0.6235,0.4711,0.6134,0.2129,0.1942,0.0000,0.0000,0.0000
48.716,2,0,0.5956,0.2122,0.5223,0.6656,0.6178,0.6178,0.4911,0.4999,0.0000,0.5223,0.6656,0.6178,0.6178,0.4911,0.0000,0.0000,0.0000,0.0000,0.0000,0.0000
49.225,2,0,0.5808,0.2122,0.5174,0.6622,0.6139,0.6139,0.4930,0.5023,0.0000,0.5000,0.6500,0.6000,0.6000,0.5000,0.0000,0.0000,0.0000,0.0000,0.0000,0.0000
49.741,2,0,0.5889,0.2293,0.5202,0.6642,0.6162,0.6162,0.4919,0.4142,0.0247,0.4980,0.6486,0.5984,0.5984,0.5008,0.0000,0.0000,0.4816,0.0000,0.0000,0.0000
50.246,2,150,0.6197,0.2279,0.5273,0.6691,0.6218,0.6218,0.4891,0.3525,0.0247,0.4964,0.6475,0.5971,0.5971,0.5015,0.0000,0.0000,0.4816,0.0000,0.0000,0.0000
50.769,2,150,0.6413,0.2348,0.5332,0.6732,0.6265,0.6265,0.4867,0.4633,0.0366,0.4987,0.6491,0.5989,0.5989,0.5005,0.9753,0.0000,1.0000,0.0000,0.0000,0.0000
51.274,2,150,0.6407,0.2512,0.5319,0.6723,0.6255,0.6255,0.4872,0.5306,0.0601,0.4982,0.6488,0.5986,0.5986,0.5007,0.9753,0.0000,0.4816,0.0000,0.0000,0.0000
51.788,2,150,0.6509,0.2512,0.5368,0.6758,0.6295,0.6295,0.4853,0.6237,0.0601,0.5056,0.6539,0.6045,0.6045,0.4978,0.9753,0.0000,0.4816,0.0000,0.0000,0.0000
52.351,2,150,0.6616,0.2512,0.5406,0.6784,0.6325,0.6325,0.4838,0.6659,0.0601,0.5100,0.6570,0.6080,0.6080,0.4960,0.9753,0.0000,0.4816,0.0000,0.0000,0.0000
52.883,2,150,0.6585,0.2625,0.5416,0.6791,0.6333,0.6333,0.4834,0.6464,0.0814,0.5119,0.6583,0.6095,0.6095,0.4952,0.9753,0.0000,0.4816,0.0000,0.0000,0.0000
53.448,2,150,0.6588,0.2576,0.5409,0.6786,0.6327,0.6327,0.4836,0.6614,0.0797,0.5129,0.6590,0.6103,0.6103,0.4949,0.9753,0.0000,0.6677,0.0000,0.0000,0.0000
53.982,2,150,0.6338,0.2685,0.5359,0.6752,0.6288,0.6288,0.4856,0.5511,0.0918,0.5047,0.6533,0.6038,0.6038,0.4981,0.4816,0.0000,0.6677,0.0000,0.0000,0.0000
54.557,2,150,0.6246,0.2763,0.5344,0.6741,0.6275,0.6275,0.4862,0.5057,0.1027,0.5006,0.6504,0.6005,0.6005,0.4998,0.4816,0.0000,0.5607,0.0000,0.0000,0.0000
55.059,2,150,0.6245,0.2763,0.5344,0.6741,0.6275,0.6275,0.4862,0.5047,0.1027,0.5005,0.6504,0.6004,0.6004,0.4998,0.4816,0.0000,0.5607,0.0000,0.0000,0.0000
55.600,2,200,0.6494,0.2744,0.5365,0.6756,0.6292,0.6292,0.4854,0.5854,0.1021,0.5033,0.6523,0.6027,0.6027,0.4987,1.0000,0.0000,0.5607,0.0000,0.0000,0.0000
56.127,2,200,0.6713,0.2819,0.5461,0.6822,0.6369,0.6369,0.4816,0.6578,0.1126,0.5148,0.6603,0.6118,0.6118,0.4941,1.0000,0.0000,0.4816,0.0000,0.0000,0.0000
56.630,2,200,0.6808,0.2819,0.5503,0.6852,0.6402,0.6402,0.4799,0.6898,0.1126,0.5205,0.6643,0.6164,0.6164,0.4918,1.0000,0.0000,0.4816,0.0000,0.0000,0.0000
57.167,2,200,0.6665,0.2926,0.5498,0.6849,0.6399,0.6399,0.4801,0.6333,0.1246,0.5185,0.6629,0.6148,0.6148,0.4926,0.6531,0.0000,0.4816,0.0000,0.0000,0.0000
57.688,2,200,0.6669,0.3072,0.5505,0.6854,0.6404,0.6404,0.4798,0.6301,0.1449,0.5179,0.6625,0.6143,0.6143,0.4928,0.6531,0.0000,0.3724,0.0000,0.0000,0.0000
58.229,2,200,0.6706,0.3072,0.5522,0.6865,0.6417,0.6417,0.4791,0.6404,0.1449,0.5200,0.6640,0.6160,0.6160,0.4920,0.6531,0.0000,0.3724,0.0000,0.0000,0.0000
58.758,2,350,0.6902,0.3051,0.5546,0.6882,0.6436,0.6436,0.4782,0.6856,0.1440,0.5230,0.6661,0.6184,0.6184,0.4908,1.0000,0.0000,0.3724,0.0000,0.0000,0.0000
59.261,2,350,0.7131,0.3189,0.5660,0.6962,0.6528,0.6528,0.4736,0.7356,0.1634,0.5364,0.6754,0.6291,0.6291,0.4855,1.0000,0.0000,0.3008,0.0000,0.0000,0.0000
59.779,2,350,0.7200,0.3294,0.5734,0.7014,0.6587,0.6587,0.4707,0.7432,0.1750,0.5443,0.6810,0.6354,0.6354,0.4823,0.7393,0.0000,0.3008,0.0000,0.0000,0.0000
60.320,2,350,0.7164,0.3294,0.5713,0.6999,0.6570,0.6570,0.4715,0.7250,0.1750,0.5398,0.6779,0.6319,0.6319,0.4841,0.7393,0.0000,0.3008,0.0000,0.0000,0.0000
60.837,2,350,0.7194,0.3364,0.5758,0.7030,0.6606,0.6606,0.4697,0.7257,0.1899,0.5444,0.6810,0.6355,0.6355,0.4823,0.7393,0.0000,0.3375,0.0000,0.0000,0.0000
61.359,2,350,0.7182,0.3364,0.5733,0.7013,0.6587,0.6587,0.4707,0.7197,0.1899,0.5417,0.6792,0.6334,0.6334,0.4833,0.7393,0.0000,0.3375,0.0000,0.0000,0.0000
61.867,2,350,0.7126,0.3304,0.5703,0.6992,0.6562,0.6562,0.4719,0.7062,0.1863,0.5384,0.6769,0.6307,0.6307,0.4846,0.7393,0.0000,0.4270,0.0000,0.0000,0.0000
62.372,2,350,0.7172,0.3436,0.5735,0.7014,0.6588,0.6588,0.4706,0.7123,0.2042,0.5422,0.6796,0.6338,0.6338,0.4831,0.7393,0.0000,0.3601,0.0000,0.0000,0.0000
62.873,2,350,0.6968,0.3512,0.5706,0.6994,0.6565,0.6565,0.4718,0.6659,0.2141,0.5376,0.6763,0.6301,0.6301,0.4850,0.5801,0.2207,0.3601,0.0000,0.0000,0.0000
63.407,2,350,0.6875,0.3512,0.5664,0.6965,0.6531,0.6531,0.4735,0.6449,0.2141,0.5317,0.6722,0.6254,0.6254,0.4873,0.5801,0.2207,0.3601,0.0000,0.0000,0.0000
63.947,1,350,0.6784,0.3578,0.5641,0.6949,0.6513,0.6513,0.4744,0.5914,0.2293,0.5213,0.6649,0.6170,0.6170,0.4915,0.6134,0.2129,0.2351,0.0000,0.0000,0.0000
64.483,1,350,0.6769,0.3578,0.5634,0.6944,0.6507,0.6507,0.4747,0.5889,0.2293,0.5205,0.6643,0.6164,0.6164,0.4918,0.6134,0.2129,0.2351,0.0000,0.0000,0.0000
65.025,1,350,0.6765,0.3578,0.5632,0.6942,0.6505,0.6505,0.4747,0.5884,0.2293,0.5203,0.6642,0.6162,0.6162,0.4919,0.6134,0.2129,0.2351,0.0000,0.0000,0.0000
65.562,1,350,0.6644,0.3773,0.5632,0.6943,0.6506,0.6506,0.4747,0.5601,0.2550,0.5171,0.6620,0.6137,0.6137,0.4932,0.4989,0.3645,0.2045,0.0000,0.0000,0.0000
66.100,1,350,0.6613,0.3773,0.5608,0.6925,0.6486,0.6486,0.4757,0.5516,0.2550,0.5132,0.6592,0.6106,0.6106,0.4947,0.4989,0.3645,0.2045,0.0000,0.0000,0.0000
66.672,1,350,0.6665,0.3831,0.5618,0.6933,0.6494,0.6494,0.4753,0.5593,0.2628,0.5141,0.6599,0.6113,0.6113,0.4944,0.4989,0.3645,0.1916,0.0000,0.0000,0.0000
67.193,1,350,0.6762,0.3831,0.5663,0.6964,0.6531,0.6531,0.4735,0.5738,0.2628,0.5182,0.6627,0.6145,0.6145,0.4927,0.4989,0.3645,0.1916,0.0000,0.0000,0.0000
67.703,1,350,0.6843,0.3831,0.5697,0.6988,0.6557,0.6557,0.4721,0.5872,0.2628,0.5218,0.6653,0.6175,0.6175,0.4913,0.4989,0.3645,0.1916,0.0000,0.0000,0.0000
68.209,1,350,0.6745,0.3958,0.5698,0.6988,0.6558,0.6558,0.4721,0.5713,0.2794,0.5208,0.6646,0.6167,0.6167,0.4917,0.4171,0.4729,0.1799,0.0000,0.0000,0.0000
68.739,1,350,0.6643,0.3888,0.5650,0.6955,0.6520,0.6520,0.4740,0.5556,0.2743,0.5164,0.6615,0.6131,0.6131,0.4934,0.4171,0.4729,0.2424,0.0000,0.0000,0.0000
69.261,1,350,0.6613,0.3888,0.5627,0.6939,0.6501,0.6501,0.4749,0.5519,0.2743,0.5141,0.6599,0.6113,0.6113,0.4944,0.4171,0.4729,0.2424,0.0000,0.0000,0.0000
69.797,1,350,0.6648,0.3888,0.5636,0.6945,0.6509,0.6509,0.4745,0.5583,0.2743,0.5154,0.6608,0.6123,0.6123,0.4938,0.4171,0.4729,0.2424,0.0000,0.0000,0.0000
70.319,1,350,0.6699,0.3888,0.5656,0.6959,0.6525,0.6525,0.4737,0.5672,0.2743,0.5179,0.6625,0.6143,0.6143,0.4928,0.4171,0.4729,0.2424,0.0000,0.0000,0.0000
70.829,1,350,0.6604,0.3954,0.5643,0.6950,0.6514,0.6514,0.4743,0.5555,0.2829,0.5165,0.6615,0.6132,0.6132,0.4934,0.3557,0.5541,0.2424,0.0000,0.0000,0.0000
71.338,1,350,0.6540,0.3997,0.5621,0.6934,0.6497,0.6497,0.4752,0.5466,0.2925,0.5142,0.6599,0.6114,0.6114,0.4943,0.3557,0.5541,0.2742,0.0000,0.0000,0.0000
71.873,1,350,0.6520,0.3997,0.5607,0.6925,0.6486,0.6486,0.4757,0.5442,0.2925,0.5128,0.6590,0.6103,0.6103,0.4949,0.3557,0.5541,0.2742,0.0000,0.0000,0.0000
72.420,1,350,0.6534,0.3997,0.5611,0.6928,0.6489,0.6489,0.4755,0.5478,0.2925,0.5137,0.6596,0.6110,0.6110,0.4945,0.3557,0.5541,0.2742,0.0000,0.0000,0.0000
72.958,1,350,0.6636,0.4109,0.5664,0.6965,0.6531,0.6531,0.4735,0.5626,0.3070,0.5183,0.6628,0.6146,0.6146,0.4927,0.3557,0.5541,0.2440,0.0000,0.0000,0.0000
73.486,1,450,0.6802,0.4171,0.5739,0.7017,0.6591,0.6591,0.4704,0.5933,0.3152,0.5277,0.6694,0.6221,0.6221,0.4889,0.4454,0.4799,0.2440,0.0000,0.0000,0.0000
74.011,1,450,0.6909,0.4171,0.5792,0.7054,0.6633,0.6633,0.4683,0.6139,0.3152,0.5352,0.6746,0.6282,0.6282,0.4859,0.4454,0.4799,0.2440,0.0000,0.0000,0.0000
74.538,1,450,0.7022,0.4277,0.5858,0.7100,0.6686,0.6686,0.4657,0.6315,0.3289,0.5424,0.6797,0.6339,0.6339,0.4830,0.4454,0.4799,0.2186,0.0000,0.0000,0.0000
75.061,1,450,0.7100,0.4277,0.5896,0.7127,0.6717,0.6717,0.4642,0.6436,0.3289,0.5469,0.6828,0.6375,0.6375,0.4812,0.4454,0.4799,0.2186,0.0000,0.0000,0.0000
75.562,1,450,0.7154,0.4378,0.5943,0.7160,0.6754,0.6754,0.4623,0.6520,0.3420,0.5520,0.6864,0.6416,0.6416,0.4792,0.4454,0.4799,0.1971,0.0000,0.0000,0.0000
76.130,1,450,0.7088,0.4437,0.5939,0.7158,0.6752,0.6752,0.4624,0.6433,0.3498,0.5514,0.6860,0.6411,0.6411,0.4794,0.3904,0.5472,0.1971,0.0000,0.0000,0.0000
76.660,1,450,0.7058,0.4437,0.5918,0.7142,0.6734,0.6734,0.4633,0.6395,0.3498,0.5492,0.6844,0.6394,0.6394,0.4803,0.3904,0.5472,0.1971,0.0000,0.0000,0.0000
77.186,1,450,0.7072,0.4533,0.5910,0.7137,0.6728,0.6728,0.4636,0.6408,0.3622,0.5485,0.6839,0.6388,0.6388,0.4806,0.3904,0.5472,0.1786,0.0000,0.0000,0.0000
77.709,1,450,0.7101,0.4533,0.5950,0.7165,0.6760,0.6760,0.4620,0.6438,0.3622,0.5519,0.6863,0.6415,0.6415,0.4792,0.3904,0.5472,0.1786,0.0000,0.0000,0.0000
78.275,1,450,0.7051,0.4590,0.5958,0.7171,0.6766,0.6766,0.4617,0.6376,0.3696,0.5525,0.6868,0.6420,0.6420,0.4790,0.3456,0.6021,0.1786,0.0000,0.0000,0.0000
78.799,1,450,0.7025,0.4681,0.5947,0.7163,0.6758,0.6758,0.4621,0.6345,0.3814,0.5512,0.7033,0.6453,0.6462,0.4620,0.3456,0.6021,0.1626,0.0000,0.0000,0.0000
79.314,1,450,0.7050,0.4681,0.5959,0.7172,0.6768,0.6768,0.4616,0.6382,0.3814,0.5527,0.7045,0.6465,0.6474,0.4613,0.3456,0.6021,0.1626,0.0000,0.0000,0.0000
79.839,1,450,0.7078,0.4681,0.5967,0.7177,0.6773,0.6773,0.4613,0.6429,0.3814,0.5537,0.7053,0.6473,0.6482,0.4608,0.3456,0.6021,0.1626,0.0000,0.0000,0.0000
80.369,1,450,0.7143,0.4768,0.6009,0.7206,0.6807,0.6807,0.4597,0.6513,0.3927,0.5580,0.7087,0.6509,0.6518,0.4587,0.3456,0.6021,0.1486,0.0000,0.0000,0.0000
80.874,1,450,0.7101,0.4822,0.6026,0.7218,0.6821,0.6821,0.4590,0.6473,0.3997,0.5600,0.7103,0.6525,0.6535,0.4577,0.3084,0.6477,0.1486,0.0000,0.0000,0.0000
81.385,1,450,0.7073,0.4822,0.6001,0.7201,0.6801,0.6801,0.4600,0.6451,0.3997,0.5580,0.7087,0.6509,0.6518,0.4587,0.3084,0.6477,0.1486,0.0000,0.0000,0.0000
81.891,1,600,0.7260,0.4868,0.6086,0.7260,0.6869,0.6869,0.4566,0.6710,0.4076,0.5680,0.7167,0.6592,0.6601,0.4537,0.4216,0.6477,0.1363,0.0000,0.0000,0.0000
82.399,1,600,0.7328,0.4868,0.6130,0.7291,0.6904,0.6904,0.4548,0.6804,0.4076,0.5731,0.7208,0.6633,0.6643,0.4511,0.4216,0.6477,0.1363,0.0000,0.0000,0.0000
82.977,1,600,0.7368,0.4947,0.6165,0.7316,0.6932,0.6932,0.4534,0.6854,0.4178,0.5769,0.7238,0.6665,0.6674,0.4493,0.4216,0.6477,0.1253,0.0000,0.0000,0.0000
83.502,1,600,0.7389,0.5037,0.6201,0.7341,0.6961,0.6961,0.4519,0.6893,0.4276,0.5807,0.7268,0.6696,0.6706,0.4474,0.3778,0.5803,0.1253,0.0000,0.0000,0.0000
84.028,1,600,0.7381,0.5037,0.6204,0.7343,0.6963,0.6963,0.4519,0.6893,0.4276,0.5812,0.7273,0.6700,0.6710,0.4471,0.3778,0.5803,0.1253,0.0000,0.0000,0.0000
84.539,1,600,0.7346,0.5112,0.6201,0.7341,0.6961,0.6961,0.4520,0.6862,0.4373,0.5815,0.7275,0.6703,0.6713,0.4469,0.3778,0.5803,0.1156,0.0000,0.0000,0.0000
85.073,2,350,0.7270,0.5022,0.6153,0.7307,0.6923,0.6923,0.4539,0.6273,0.2102,0.5277,0.6694,0.6222,0.6222,0.4889,0.5801,0.2207,0.4415,0.0000,0.0000,0.0000
85.609,2,500,0.7244,0.5036,0.6130,0.7291,0.6904,0.6904,0.4548,0.6352,0.2183,0.5295,0.6707,0.6236,0.6236,0.4882,0.6546,0.3722,0.4415,0.0000,0.0000,0.0000
86.149,2,500,0.7182,0.5111,0.6115,0.7281,0.6892,0.6892,0.4554,0.6192,0.2355,0.5281,0.6697,0.6225,0.6225,0.4888,0.6546,0.3722,0.3776,0.0000,0.0000,0.0000
86.688,2,500,0.7164,0.5111,0.6109,0.7276,0.6887,0.6887,0.4556,0.6142,0.2355,0.5273,0.6691,0.6218,0.6218,0.4891,0.6546,0.3722,0.3776,0.0000,0.0000,0.0000
87.191,2,500,0.7168,0.5183,0.6104,0.7273,0.6883,0.6883,0.4558,0.6166,0.2519,0.5266,0.6686,0.6213,0.6213,0.4893,0.6546,0.3722,0.3278,0.0000,0.0000,0.0000
87.692,2,500,0.7194,0.5183,0.6134,0.7294,0.6907,0.6907,0.4547,0.6292,0.2519,0.5317,0.6722,0.6254,0.6254,0.4873,0.6546,0.3722,0.3278,0.0000,0.0000,0.0000
88.214,2,500,0.7182,0.5270,0.6155,0.7309,0.6924,0.6924,0.4538,0.6278,0.2628,0.5345,0.6741,0.6276,0.6276,0.4862,0.5464,0.3107,0.3278,0.0000,0.0000,0.0000
88.759,2,650,0.7164,0.5213,0.6121,0.7284,0.6897,0.6897,0.4552,0.6310,0.2721,0.5341,0.6738,0.6272,0.6272,0.4864,0.7158,0.3107,0.3470,0.0000,0.0000,0.0000
89.282,1,600,0.7173,0.5123,0.6121,0.7285,0.6897,0.6897,0.4552,0.6746,0.4295,0.5760,0.7032,0.6608,0.6608,0.4696,0.3778,0.5803,0.1560,0.0000,0.0000,0.0000
89.811,1,600,0.7087,0.5035,0.6054,0.7238,0.6844,0.6844,0.4578,0.6617,0.4218,0.5687,0.6981,0.6550,0.6550,0.4725,0.3778,0.5803,0.1974,0.0000,0.0000,0.0000
90.345,1,600,0.7090,0.5113,0.6067,0.7247,0.6854,0.6854,0.4573,0.6600,0.4318,0.5690,0.6983,0.6552,0.6552,0.4724,0.3778,0.5803,0.1818,0.0000,0.0000,0.0000
90.871,1,700,0.7177,0.5158,0.6123,0.7286,0.6898,0.6898,0.4551,0.6731,0.4381,0.5758,0.7031,0.6607,0.6607,0.4697,0.4402,0.5244,0.1818,0.0000,0.0000,0.0000
91.387,1,700,0.7308,0.5158,0.6190,0.7333,0.6952,0.6952,0.4524,0.6911,0.4381,0.5837,0.7086,0.6670,0.6670,0.4665,0.4402,0.5244,0.1818,0.0000,0.0000,0.0000
91.908,1,700,0.7339,0.5149,0.6196,0.7337,0.6957,0.6957,0.4522,0.6943,0.4403,0.5848,0.7094,0.6678,0.6678,0.4661,0.4402,0.5244,0.2054,0.0000,0.0000,0.0000
92.428,1,700,0.7367,0.5149,0.6213,0.7349,0.6970,0.6970,0.4515,0.6972,0.4403,0.5863,0.7104,0.6690,0.6690,0.4655,0.4402,0.5244,0.2054,0.0000,0.0000,0.0000
92.986,1,700,0.7408,0.5309,0.6278,0.7395,0.7023,0.7023,0.4489,0.7019,0.4591,0.5927,0.7149,0.6742,0.6742,0.4629,0.3997,0.4762,0.1897,0.0000,0.0000,0.0000
93.492,1,850,0.7528,0.5267,0.6290,0.7403,0.7032,0.7032,0.4484,0.7183,0.4557,0.5946,0.7162,0.6757,0.6757,0.4622,0.4940,0.4762,0.1897,0.0000,0.0000,0.0000
94.029,2,650,0.7532,0.5177,0.6314,0.7420,0.7051,0.7051,0.4474,0.6423,0.2672,0.5396,0.6777,0.6316,0.6316,0.4842,0.7158,0.3107,0.4116,0.0000,0.0000,0.0000
94.555,2,650,0.7557,0.5253,0.6333,0.7433,0.7066,0.7066,0.4467,0.6476,0.2825,0.5400,0.6780,0.6320,0.6320,0.4840,0.7158,0.3107,0.3629,0.0000,0.0000,0.0000
95.061,2,650,0.7573,0.5253,0.6348,0.7444,0.7078,0.7078,0.4461,0.6560,0.2825,0.5433,0.6803,0.6346,0.6346,0.4827,0.7158,0.3107,0.3629,0.0000,0.0000,0.0000
95.600,2,650,0.7531,0.5248,0.6349,0.7444,0.7079,0.7079,0.4460,0.6454,0.2880,0.5451,0.6816,0.6361,0.6361,0.4820,0.6099,0.2647,0.4243,0.0000,0.0000,0.0000
96.124,2,650,0.7509,0.5324,0.6335,0.7434,0.7068,0.7068,0.4466,0.6423,0.3027,0.5427,0.6799,0.6342,0.6342,0.4829,0.6099,0.2647,0.3763,0.0000,0.0000,0.0000
96.654,2,650,0.7527,0.5324,0.6343,0.7440,0.7074,0.7074,0.4463,0.6485,0.3027,0.5444,0.6811,0.6356,0.6356,0.4822,0.6099,0.2647,0.3763,0.0000,0.0000,0.0000
97.168,2,650,0.7551,0.5324,0.6355,0.7448,0.7084,0.7084,0.4458,0.6551,0.3027,0.5465,0.6825,0.6372,0.6372,0.4814,0.6099,0.2647,0.3763,0.0000,0.0000,0.0000
97.669,2,650,0.7606,0.5396,0.6400,0.7480,0.7120,0.7120,0.4440,0.6706,0.3168,0.5531,0.6871,0.6425,0.6425,0.4788,0.6099,0.2647,0.3363,0.0000,0.0000,0.0000
98.203,2,650,0.7469,0.5343,0.6333,0.7433,0.7066,0.7066,0.4467,0.6399,0.3191,0.5465,0.6825,0.6372,0.6372,0.4814,0.5295,0.3649,0.3915,0.0000,0.0000,0.0000
98.710,2,650,0.7412,0.5416,0.6288,0.7402,0.7030,0.7030,0.4485,0.6279,0.3328,0.5407,0.6785,0.6325,0.6325,0.4837,0.5295,0.3649,0.3512,0.0000,0.0000,0.0000
99.223,2,650,0.7405,0.5326,0.6281,0.7397,0.7025,0.7025,0.4488,0.6303,0.3268,0.5426,0.6798,0.6341,0.6341,0.4830,0.5295,0.3649,0.4046,0.0000,0.0000,0.0000
99.766,2,650,0.7355,0.5326,0.6254,0.7378,0.7003,0.7003,0.4498,0.6247,0.3268,0.5408,0.6785,0.6326,0.6326,0.4837,0.5295,0.3649,0.4046,0.0000,0.0000,0.0000
100.269,2,650,0.7336,0.5435,0.6248,0.7373,0.6998,0.6998,0.4501,0.6241,0.3478,0.5406,0.6784,0.6325,0.6325,0.4837,0.4651,0.4453,0.3642,0.0000,0.0000,0.0000
100.771,2,800,0.7353,0.5390,0.6244,0.7371,0.6995,0.6995,0.4502,0.6290,0.3453,0.5410,0.6787,0.6328,0.6328,0.4836,0.5930,0.4453,0.3642,0.0000,0.0000,0.0000
101.310,2,800,0.7417,0.5390,0.6294,0.7406,0.7036,0.7036,0.4482,0.6442,0.3453,0.5485,0.6840,0.6388,0.6388,0.4806,0.5930,0.4453,0.3642,0.0000,0.0000,0.0000
101.854,1,850,0.7424,0.5369,0.6305,0.7413,0.7044,0.7044,0.4478,0.7306,0.4477,0.6049,0.7234,0.6839,0.6839,0.4580,0.4940,0.4762,0.2293,0.0000,0.0000,0.0000
102.364,1,850,0.7349,0.5280,0.6253,0.7377,0.7002,0.7002,0.4499,0.7180,0.4400,0.5976,0.7183,0.6781,0.6781,0.4610,0.4940,0.4762,0.2700,0.0000,0.0000,0.0000
102.892,1,850,0.7318,0.5362,0.6248,0.7373,0.6998,0.6998,0.4501,0.7133,0.4492,0.5964,0.7175,0.6771,0.6771,0.4615,0.4504,0.4342,0.2700,0.0000,0.0000,0.0000
103.392,1,850,0.7356,0.5437,0.6276,0.7393,0.7021,0.7021,0.4489,0.7168,0.4589,0.5991,0.7194,0.6793,0.6793,0.4604,0.4504,0.4342,0.2490,0.0000,0.0000,0.0000
103.925,1,850,0.7397,0.5437,0.6300,0.7410,0.7040,0.7040,0.4480,0.7212,0.4589,0.6012,0.7209,0.6810,0.6810,0.4595,0.4504,0.4342,0.2490,0.0000,0.0000,0.0000
104.469,1,850,0.7427,0.5437,0.6317,0.7422,0.7054,0.7054,0.4473,0.7248,0.4589,0.6029,0.7220,0.6823,0.6823,0.4588,0.4504,0.4342,0.2490,0.0000,0.0000,0.0000
105.005,1,850,0.7499,0.5509,0.6372,0.7461,0.7098,0.7098,0.4451,0.7324,0.4681,0.6084,0.7259,0.6867,0.6867,0.4567,0.4504,0.4342,0.2301,0.0000,0.0000,0.0000
105.572,1,850,0.7380,0.5450,0.6305,0.7414,0.7044,0.7044,0.4478,0.7172,0.4653,0.6019,0.7213,0.6815,0.6815,0.4592,0.4131,0.4832,0.2694,0.0000,0.0000,0.0000
106.076,1,850,0.7353,0.5523,0.6300,0.7410,0.7040,0.7040,0.4480,0.7133,0.4745,0.6012,0.7208,0.6810,0.6810,0.4595,0.4131,0.4832,0.2491,0.0000,0.0000,0.0000
106.579,1,850,0.7371,0.5433,0.6309,0.7417,0.7047,0.7047,0.4476,0.7148,0.4664,0.6020,0.7214,0.6816,0.6816,0.4592,0.4131,0.4832,0.2882,0.0000,0.0000,0.0000
107.119,1,850,0.7310,0.5433,0.6265,0.7385,0.7012,0.7012,0.4494,0.7077,0.4664,0.5978,0.7184,0.6782,0.6782,0.4609,0.4131,0.4832,0.2882,0.0000,0.0000,0.0000
107.642,2,800,0.7393,0.5403,0.6292,0.7404,0.7033,0.7033,0.4483,0.6682,0.3515,0.5609,0.6927,0.6488,0.6488,0.4756,0.5930,0.4453,0.3789,0.0000,0.0000,0.0000
108.172,2,800,0.7301,0.5403,0.6253,0.7377,0.7002,0.7002,0.4499,0.6576,0.3515,0.5560,0.6892,0.6448,0.6448,0.4776,0.5930,0.4453,0.3789,0.0000,0.0000,0.0000
108.695,2,800,0.7272,0.5403,0.6229,0.7360,0.6983,0.6983,0.4508,0.6563,0.3515,0.5549,0.6884,0.6439,0.6439,0.4780,0.5930,0.4453,0.3789,0.0000,0.0000,0.0000
109.225,2,800,0.7316,0.5478,0.6267,0.7387,0.7014,0.7014,0.4493,0.6662,0.3638,0.5602,0.6922,0.6482,0.6482,0.4759,0.5930,0.4453,0.3438,0.0000,0.0000,0.0000
109.774,2,800,0.7341,0.5478,0.6282,0.7397,0.7025,0.7025,0.4487,0.6712,0.3638,0.5622,0.6935,0.6497,0.6497,0.4751,0.5930,0.4453,0.3438,0.0000,0.0000,0.0000
110.324,2,800,0.7353,0.5628,0.6321,0.7425,0.7057,0.7057,0.4472,0.6706,0.3856,0.5655,0.6959,0.6524,0.6524,0.4738,0.5242,0.3936,0.3132,0.0000,0.0000,0.0000
110.825,2,800,0.7391,0.5628,0.6344,0.7441,0.7075,0.7075,0.4462,0.6744,0.3856,0.5672,0.6970,0.6537,0.6537,0.4731,0.5242,0.3936,0.3132,0.0000,0.0000,0.0000
111.372,2,800,0.7407,0.5628,0.6355,0.7448,0.7084,0.7084,0.4458,0.6762,0.3856,0.5679,0.6976,0.6543,0.6543,0.4728,0.5242,0.3936,0.3132,0.0000,0.0000,0.0000
111.875,2,800,0.7437,0.5695,0.6357,0.7450,0.7086,0.7086,0.4457,0.6804,0.3968,0.5681,0.6977,0.6545,0.6545,0.4727,0.5242,0.3936,0.2864,0.0000,0.0000,0.0000
112.425,2,800,0.7473,0.5695,0.6403,0.7482,0.7122,0.7122,0.4439,0.6857,0.3968,0.5731,0.7012,0.6585,0.6585,0.4707,0.5242,0.3936,0.2864,0.0000,0.0000,0.0000
112.926,2,800,0.7402,0.5722,0.6384,0.7469,0.7107,0.7107,0.4446,0.6687,0.4037,0.5697,0.6988,0.6558,0.6558,0.4721,0.4686,0.4608,0.2864,0.0000,0.0000,0.0000
113.439,2,800,0.7404,0.5786,0.6390,0.7473,0.7112,0.7112,0.4444,0.6662,0.4143,0.5688,0.6982,0.6550,0.6550,0.4725,0.4686,0.4608,0.2628,0.0000,0.0000,0.0000
113.956,2,950,0.7495,0.5737,0.6426,0.7498,0.7141,0.7141,0.4429,0.6844,0.4115,0.5751,0.7026,0.6601,0.6601,0.4700,0.5802,0.4608,0.2628,0.0000,0.0000,0.0000
114.476,2,950,0.7539,0.5737,0.6457,0.7520,0.7165,0.7165,0.4417,0.6961,0.4115,0.5807,0.7065,0.6646,0.6646,0.4677,0.5802,0.4608,0.2628,0.0000,0.0000,0.0000
115.008,2,950,0.7582,0.5876,0.6517,0.7562,0.7214,0.7214,0.4393,0.7056,0.4313,0.5887,0.7121,0.6709,0.6709,0.4645,0.5206,0.4134,0.2419,0.0000,0.0000,0.0000
115.557,2,950,0.7548,0.5780,0.6473,0.7531,0.7178,0.7178,0.4411,0.7016,0.4236,0.5854,0.7098,0.6683,0.6683,0.4658,0.5206,0.4134,0.2833,0.0000,0.0000,0.0000
116.075,2,950,0.7513,0.5843,0.6468,0.7528,0.7175,0.7175,0.4413,0.6987,0.4336,0.5861,0.7103,0.6689,0.6689,0.4655,0.5206,0.4134,0.2608,0.0000,0.0000,0.0000
116.599,2,1050,0.7614,0.5793,0.6514,0.7560,0.7211,0.7211,0.4394,0.7187,0.4306,0.5942,0.7159,0.6753,0.6753,0.4623,0.6260,0.4134,0.2608,0.0000,0.0000,0.0000
117.122,2,1050,0.7661,0.5793,0.6542,0.7579,0.7233,0.7233,0.4383,0.7297,0.4306,0.5989,0.7192,0.6791,0.6791,0.4604,0.6260,0.4134,0.2608,0.0000,0.0000,0.0000
117.641,2,1050,0.7675,0.5930,0.6586,0.7610,0.7269,0.7269,0.4365,0.7328,0.4496,0.6047,0.7233,0.6837,0.6837,0.4581,0.5649,0.3731,0.2408,0.0000,0.0000,0.0000
118.166,2,1050,0.7669,0.5930,0.6583,0.7608,0.7266,0.7266,0.4367,0.7328,0.4496,0.6047,0.7233,0.6837,0.6837,0.4581,0.5649,0.3731,0.2408,0.0000,0.0000,0.0000
118.689,2,1200,0.7699,0.5783,0.6561,0.7592,0.7249,0.7249,0.4376,0.7423,0.4385,0.6062,0.7244,0.6850,0.6850,0.4575,0.6649,0.3731,0.2807,0.0000,0.0000,0.0000
119.214,2,1200,0.7693,0.5845,0.6574,0.7602,0.7259,0.7259,0.4370,0.7456,0.4479,0.6100,0.7270,0.6880,0.6880,0.4560,0.6649,0.3731,0.2592,0.0000,0.0000,0.0000
119.725,2,1350,0.7744,0.5796,0.6591,0.7613,0.7272,0.7272,0.4364,0.7581,0.4449,0.6148,0.7304,0.6919,0.6919,0.4541,0.7674,0.3731,0.2592,0.0000,0.0000,0.0000
120.239,2,1350,0.7710,0.5841,0.6583,0.7608,0.7266,0.7266,0.4367,0.7551,0.4557,0.6162,0.7314,0.6930,0.6930,0.4535,0.6944,0.3376,0.2762,0.0000,0.0000,0.0000
120.754,2,1350,0.7638,0.5841,0.6541,0.7579,0.7233,0.7233,0.4384,0.7479,0.4557,0.6130,0.7291,0.6904,0.6904,0.4548,0.6944,0.3376,0.2762,0.0000,0.0000,0.0000
121.267,2,1350,0.7569,0.5841,0.6500,0.7550,0.7200,0.7200,0.4400,0.7417,0.4557,0.6101,0.7271,0.6881,0.6881,0.4559,0.6944,0.3376,0.2762,0.0000,0.0000,0.0000
121.824,2,1350,0.7516,0.5901,0.6485,0.7539,0.7188,0.7188,0.4406,0.7380,0.4646,0.6106,0.7274,0.6885,0.6885,0.4558,0.6944,0.3376,0.2557,0.0000,0.0000,0.0000
122.334,1,1000,0.7417,0.5880,0.6472,0.7531,0.7178,0.7178,0.4411,0.7102,0.4778,0.6035,0.7225,0.6828,0.6828,0.4586,0.4227,0.4858,0.3056,0.0000,0.0000,0.0000
122.861,1,1000,0.7280,0.5880,0.6367,0.7457,0.7093,0.7093,0.4453,0.6970,0.4778,0.5963,0.7174,0.6771,0.6771,0.4615,0.4227,0.4858,0.3056,0.0000,0.0000,0.0000
123.397,1,1000,0.7229,0.5942,0.6332,0.7433,0.7066,0.7066,0.4467,0.6915,0.4869,0.5940,0.7158,0.6752,0.6752,0.4624,0.4227,0.4858,0.2827,0.0000,0.0000,0.0000
123.931,1,1000,0.7199,0.5942,0.6311,0.7418,0.7049,0.7049,0.4476,0.6872,0.4869,0.5917,0.7142,0.6734,0.6734,0.4633,0.4227,0.4858,0.2827,0.0000,0.0000,0.0000
124.459,1,1200,0.7204,0.5949,0.6298,0.7409,0.7038,0.7038,0.4481,0.6871,0.4916,0.5899,0.7129,0.6719,0.6719,0.4640,0.5042,0.4858,0.2620,0.0000,0.0000,0.0000
125.021,1,1200,0.7232,0.5972,0.6346,0.7442,0.7076,0.7076,0.4462,0.6920,0.4963,0.5965,0.7175,0.6772,0.6772,0.4614,0.4653,0.5273,0.2620,0.0000,0.0000,0.0000
125.552,1,1200,0.7147,0.5875,0.6296,0.7407,0.7037,0.7037,0.4481,0.6817,0.4880,0.5916,0.7142,0.6733,0.6733,0.4633,0.4653,0.5273,0.2999,0.0000,0.0000,0.0000
126.067,1,1200,0.7018,0.5840,0.6186,0.7330,0.6949,0.6949,0.4525,0.6656,0.4882,0.5816,0.7072,0.6653,0.6653,0.4673,0.4653,0.5273,0.3159,0.0000,0.0000,0.0000
126.574,1,1200,0.6935,0.5840,0.6130,0.7291,0.6904,0.6904,0.4548,0.6548,0.4882,0.5756,0.7029,0.6605,0.6605,0.4698,0.4653,0.5273,0.3159,0.0000,0.0000,0.0000
127.088,1,1200,0.6884,0.5840,0.6113,0.7279,0.6891,0.6891,0.4555,0.6477,0.4882,0.5736,0.7015,0.6589,0.6589,0.4705,0.4653,0.5273,0.3159,0.0000,0.0000,0.0000
127.597,1,1200,0.6760,0.5829,0.6083,0.7258,0.6866,0.6866,0.4567,0.6328,0.4929,0.5707,0.6995,0.6565,0.6565,0.4717,0.4305,0.5646,0.3307,0.0000,0.0000,0.0000
128.100,1,1200,0.6604,0.5829,0.5958,0.7171,0.6767,0.6767,0.4617,0.6136,0.4929,0.5585,0.6909,0.6468,0.6468,0.4766,0.4305,0.5646,0.3307,0.0000,0.0000,0.0000
128.600,1,1200,0.6527,0.5893,0.5892,0.7125,0.6714,0.6714,0.4643,0.6035,0.5015,0.5513,0.6859,0.6411,0.6411,0.4795,0.4305,0.5646,0.3066,0.0000,0.0000,0.0000
129.106,1,1200,0.6450,0.5798,0.5845,0.7092,0.6676,0.6676,0.4662,0.5935,0.4932,0.5467,0.6827,0.6373,0.6373,0.4813,0.4305,0.5646,0.3445,0.0000,0.0000,0.0000
129.628,1,1200,0.6377,0.5798,0.5801,0.7061,0.6641,0.6641,0.4680,0.5839,0.4932,0.5417,0.6792,0.6333,0.6333,0.4833,0.4305,0.5646,0.3445,0.0000,0.0000,0.0000
130.158,1,1200,0.6250,0.5884,0.5737,0.7016,0.6590,0.6590,0.4705,0.5691,0.5060,0.5352,0.6746,0.6281,0.6281,0.4859,0.3990,0.5983,0.3194,0.0000,0.0000,0.0000
130.674,1,1200,0.6109,0.5700,0.5642,0.6950,0.6514,0.6514,0.4743,0.5522,0.4895,0.5266,0.6686,0.6212,0.6212,0.4894,0.3990,0.5983,0.3959,0.0000,0.0000,0.0000
131.184,2,1350,0.5894,0.5611,0.5506,0.6854,0.6405,0.6405,0.4798,0.7254,0.4564,0.6030,0.7221,0.6824,0.6824,0.4588,0.6944,0.3376,0.2942,0.0000,0.0000,0.0000
131.703,2,1350,0.5858,0.5686,0.5480,0.6836,0.6384,0.6384,0.4808,0.7236,0.4652,0.6037,0.7226,0.6829,0.6829,0.4585,0.6944,0.3376,0.2724,0.0000,0.0000,0.0000
132.205,2,1350,0.5868,0.5706,0.5496,0.6847,0.6397,0.6397,0.4802,0.7224,0.4710,0.6042,0.7230,0.6834,0.6834,0.4583,0.6327,0.3987,0.2724,0.0000,0.0000,0.0000
132.723,2,1350,0.5775,0.5706,0.5452,0.6817,0.6362,0.6362,0.4819,0.7043,0.4710,0.5978,0.7185,0.6783,0.6783,0.4609,0.6327,0.3987,0.2724,0.0000,0.0000,0.0000
133.233,2,1350,0.5807,0.5778,0.5462,0.6824,0.6370,0.6370,0.4815,0.7023,0.4794,0.5970,0.7179,0.6776,0.6776,0.4612,0.6327,0.3987,0.2527,0.0000,0.0000,0.0000
